name,id,lon,lat
ІВАНЕ-ПУСТЕ,1,26.1706387,48.6455487
ІВАНИЧІ,2,24.367958,50.6379607
ІВАНО-ФРАНКІВСЬК,3,24.7238535,48.9254253
ІГРЕНЬ,4,35.1887445,48.4729628
ІЗМАЇЛ,5,28.8121035,45.3599811
ІНГУЛЕЦЬ,6,33.1424107,47.6796019
ІНДУСТРІАЛЬНА,7,36.3980146,49.9465931
ІРША,8,29.4517148,50.7210593
ІЧНЯ,9,32.408154,50.8421945
АВГУСТІВСЬКИЙ,10,32.3689624,50.7790361
АВДІЇВКА,11,37.7333775,48.1490678
АВИАЦИОННАЯ,12,37.8358311,55.4224224
АПОСТОЛОВЕ,13,33.6944452,47.6586607
АРОМАТНА,14,35.886705,48.6275055
АРЦИЗ,15,29.4201956,45.9970579
БІЛА КРИНИЦЯ,16,33.196153700000004,47.3514861
БІЛОБОЖНИЦЯ,17,25.6871364,49.0396557
БІЛОКОРОВИЧІ,18,28.0512902,51.1174776
БІЛЯЇВКА,19,36.306698,49.2639059
БАЗАИХА,20,93.0654672,56.0220954
БАЛІВКА,21,34.8404162,48.5935117
БАЛАКЛІЯ,22,36.861936,49.46766
БАЛОВНЕ,23,31.9301163,47.0931231
БАЛТА,24,29.6249684,47.8743769
БАНДУРКА,25,31.0339863,48.1243337
БАНТИШЕВЕ,26,37.2701511,48.859831
БАРАНОВИЧИ-ЦЕНТРАЛЬНЫЕ,27,25.9935383,53.1321512
БАРВІНКОВЕ,28,37.0205585,48.8957183
БАСИ,29,34.8866587,50.862067
БАТАРЕЙНАЯ,30,104.1366411,52.3871762
БАТУРИНСЬКА,31,33.4852258,47.8719948
БАТЬОВО,32,22.385947,48.3614679
БАХМАЧ-ГОМЕЛЬСЬКИЙ,33,32.8183887,51.1785044
БАХМАЧ-ПАСАЖИРСЬКИЙ,34,32.8411486,51.1879235
БЕРДЯНСЬК,35,36.8037117,46.7509537
БЕРЕГОВА,36,31.0439237,46.6322429
БЕРЕГОМЕТ,37,25.3470559,48.1756816
БЕРЕЗАНЬ,38,31.501923,50.3280747
БИКЛЯНЬ,39,51.9707057,55.5913571
БЛАКИТНЕ,40,33.4407618,47.4093065
БОБРОВИЦЯ,41,31.3714076,50.7635688
БОБРУЙСК,42,29.1951358,53.1376319
БОГОДУХІВ,43,35.4899412,50.1567105
БОГУСЛАВСЬКИЙ,44,36.0278711,48.4440402
БОЛЕХІВ,45,23.8721513,49.063227500000004
БОРИСОВ,46,28.5310893,54.2207538
БОРИСПІЛЬ,47,30.9444786,50.3770408
БОРЩІВ,48,26.0593509,48.8043818
БРАТСК,49,101.5450948,56.122209
БРОВАРИ,50,30.8137269,50.5143973
БРОДИ,51,25.1407983,50.0741054
БУГАЗ,52,30.4494212,46.0644017
БУРШТИН,53,24.6475984,49.2172712
БУЧАЧ,54,25.3745113,49.0611931
ВІЛЬНОГІРСЬК,55,34.0132599,48.4648695
ВІННИЦЯ,56,28.5109544,49.2392699
ВАДУЛ-СІРЕТ,57,25.9599828,48.0236496
ВАЛУЙКИ,58,38.1208187,50.1991477
ВАПНЯРКА,59,28.7455309,48.5339315
ВЕЛИКО-АНАДОЛЬ,60,37.4858095,47.6982544
ВЕРБКА,61,24.6932718,51.2339331
ВЕРХНЬОДНІПРОВСЬК,62,34.3746556,48.5532447
ВЕСЕЛИЙ ПОДІЛ,63,33.1880301,49.6032469
ВИРІВКА,64,33.172971,51.2628833
ВИШНЕВЕ,65,30.3700927,50.3845779
ВЛАДИКАВКАЗ,66,44.6881553,43.037859
ВОВЧАНСЬК,67,36.9193108,50.2837505
ВОДОЛАГА,68,35.8789796,49.7079159
ВОЗНЕСЕНСЬК,69,31.3235626,47.5735362
ВОЛЖСК,70,48.3610474,55.8628155
ВОЛНОВАХА,71,37.4897753,47.6016664
ВОЛОВЕЦЬ,72,23.1846342,48.7136239
ВОЛОДИМИР-ВОЛИНСЬКИЙ,73,24.3351332,50.8450483
ВОЛОЧИСЬК,74,26.2084599,49.5323083
ВОРОЖБА,75,34.2244171,51.170062
ВОСКОБІЙНЯ,76,34.4662355,48.5224253
ГІРНИК,77,38.4495827,48.2044283
ГАВРИЛІВКА,78,36.8050912,48.8538787
ГАДЯЧ ІМ. СЕРГІЄНКА М.І.,79,33.975594,50.3855602
ГАЙСИН,80,29.3911586,48.7957688
ГАЛЕЩИНА,81,33.7540747,49.1708314
ГАЛИЧ,82,24.7327084,49.1370743
ГЛИННА-НАВАРІЯ,83,23.8969618,49.7374204
ГЛОБИНЕ,84,33.2265276,49.3997692
ГНІДАВА,85,25.3195057,50.6908786
ГОЛОБИ,86,25.0063518,51.083481
ГОЛОВАНІВСЬК,87,30.3967266,48.3598736
ГОЛУБИЧІ,88,31.1125234,51.7785556
ГОРОДИЩЕ,89,27.8474656,53.9868498
ГОРОХОВЕЦ,90,42.8143708,56.1592808
ГОРЯЇНОВЕ,91,34.9823816,48.478465
ГРАКОВЕ,92,36.8671073,49.7291512
ГРЕБІНКА,93,32.4322795,50.1220775
ГРЕБЕНІВ,94,23.4702653,48.9777539
ГРЕКУВАТА,95,33.3908705,48.09582
ГРЕЧАНИ,96,26.9296625,49.442871
ГУБИНИХА,97,35.2732131,48.8126571
ГУМЕНЦІ,98,26.6059867,48.7698729
ГУСАРІВКА,99,37.1489222,48.8826899
ГУСИНКА,100,37.4119477,49.8475071
ДІЇВКА,101,34.9116856,48.4627335
ДАРНИЦЯ,102,30.6457128,50.4315392
ДЕКОНСЬКА,103,38.0837805,48.6769662
ДЕРАЖНЯ,104,27.430666,49.2672578
ДЖУЛИНКА,105,29.7360354,48.4575213
ДЗИНІЛОР,106,29.1146039,45.6510486
ДНІПРО-ВАНТАЖНИЙ,107,34.9910132,48.4217014
ДНІПРО-ГОЛОВНИЙ,108,35.0151028,48.4777573
ДНІПРО-ЛІСКИ,109,34.9924656,48.4091296
ДОБРОПІЛЛЯ,110,37.0759021,48.4485325
ДОБРОСИН,111,23.8284482,50.1241088
ДОЛИНСЬКА,112,32.7601379,48.1152632
ДРОГОБИЧ,113,23.5436425,49.3550316
ДРУЖКІВКА,114,37.5466088,48.6272563
ДУБІВЦІ,115,24.7956505,49.0916957
ДУБЛЯНИ-ЛЬВІВСЬКІ,116,24.0920717,49.8825334
ДУБРОВИЦЯ,117,26.5951565,51.5606403
ДУНАЇВЦІ,118,26.8399244,49.022305
ЕЛЕЦ,119,38.5257962,52.6061309
ЕСЕНЬ,120,22.3139924,48.3951363
ЕССЕНТУКИ,121,42.8543592,44.0482243
ЕСХАР,122,36.5644128,49.8278231
ЕФРЕМОВ,123,38.1255529,53.1486167
ЖЕРЕБКОВЕ,124,29.8763173,47.8365182
ЖИДАЧІВ,125,24.1578168,49.3778364
ЖИТОМИР,126,28.6987568,50.2684766
ЖМЕРИНКА,127,28.1119967,49.0340265
ЖОВТНЕВА,128,31.9744825,46.8393946
ЖОДИНО,129,28.340996,54.1022401
ЖОРНАВА,130,22.6329601,48.9869012
ЖУКОТКИ,131,31.012306,51.5023864
ЗАКУПНЕ,132,26.3204147,49.1119092
ЗАЛІЩИКИ,133,25.7384967,48.6453913
ЗАПЛАЗИ,134,30.1237609,47.8590743
ЗАПОВІТНЕ,135,33.558835,46.7739993
ЗАПОРІЖЖЯ-ВАНТАЖНЕ,136,35.2570475,47.8554368
ЗАПОРІЖЖЯ-ЛІВЕ,137,35.2285115,47.8788032
ЗАСІЛЛЯ,138,32.4206833,47.0249643
ЗАСУЛЛЯ,139,33.4897977,50.7013133
ЗАТИШШЯ,140,29.8787023,47.3359765
ЗБАРАЖ,141,25.7629638,49.6779581
ЗВЕНИГОРОДКА,142,30.983284,48.9824045
ЗДОЛБУНІВ,143,26.2569062,50.5279901
ЗЕЛЕНЕ ПОЛЕ,144,33.6600013,47.5566537
ЗЛОЧІВ,145,24.8902296,49.789464
ЗНАМ’ЯНКА,146,32.6580952,48.7158834
ЗОЛОТНИШИНЕ,147,33.6449094,49.019022
ЗЯТКІВЦІ,148,29.4456187,48.7102903
ИСАКОГОРКА,149,40.6090288,64.4291407
КІВЕРЦІ,150,25.4622891,50.8303663
КІНЕЦЬПІЛЬ,151,30.8446581,47.9672118
КАВУНИ,152,31.2728684,47.9101104
КАГАМЛИЦЬКА,153,33.4507794,49.1327278
КАЗНАЧЕЕВКА,154,37.5455393,54.0526021
КАЛИНКОВИЧИ,155,29.3134619,52.1389091
КАЛУШ,156,24.3489717,49.0126164
КИЇВ-ВОЛИНСЬКИЙ,157,30.4314658,50.4120772
КИЇВ-ДЕМІЇВСЬКИЙ,158,30.5366674,50.4050787
КИЇВ-ДНІПРОВСЬКИЙ,159,30.5963979,50.4615058
КИЇВ-ЛІСКИ,160,30.6621395,50.4487767
КИЇВ-ПАСАЖИРСЬКИЙ,161,30.4886551,50.4398558
КЛЕВАНЬ,162,26.0277736,50.7513761
КЛЕПАРІВ,163,23.9805606,49.8554619
КНЯЖЕВЕ,164,28.8129397,48.4718816
КОБЕЛЯКИ,165,34.1036723,49.2307042
КОВЕЛЬ,166,24.7124893,51.2212513
КОДИМА,167,29.1213883,48.0912018
КОДНЯ,168,28.6646161,50.1077887
КОЗЕНКИ,169,29.1806183,52.0318246
КОЗОВА,170,25.1642758,49.4294691
КОЙТЫ,171,50.6817021,61.8499859
КОЛОМИЯ,172,25.0603855,48.5346411
КОЛЯДИЧИ,173,27.5797714,53.8080972
КОМАРІВЦІ,174,27.6637464,49.1957684
КОМБИНАТСКАЯ,175,59.413981,54.3309678
КОМИШ-ЗОРЯ,176,36.6985604,47.3279536
КОНОНІВКА,177,32.1065118,50.1775381
КОНОТОП,178,33.1878626,51.2231538
КОРИСТІВКА,179,33.0662318,48.7321503
КОРОБОЧКИНЕ,180,36.7424494,49.7711094
КОРОЛІВКА,181,33.2233485,48.5797631
КОРОСТЕНЬ,182,28.6350547,50.9575934
КОРОСТЕНЬ-ПОДІЛЬСЬКИЙ,183,28.6131438,50.9846132
КОРОСТИШІВ,184,29.0202382,50.3162698
КОРЧАКІВКА,185,35.1373878,50.8199659
КОРЮКІВКА,186,32.2437562,51.7620758
КОСТОПІЛЬ,187,26.443516,50.8711091
КОСТЮКОВКА,188,30.9408369,52.5240723
КОСТЯНТИНІВКА,189,37.7293414,48.5117835
КОСЯКОВКА,190,56.0058711,53.7054698
КОТЕЛ,191,37.9062162,51.2262752
КОЧУБЕЇВКА,192,34.9710269,49.7431839
КРАМАТОРСЬК,193,37.5436075,48.7257049
КРАСИЛІВ,194,27.0130849,49.6695654
КРАСНОГРАД,195,35.4456639,49.3605079
КРАСНОЯРСК-СЕВЕРНЫЙ,196,92.933153,56.0731574
КРЕМЕНЧУК,197,33.4282669,49.0677957
КРЕМИДІВКА,198,30.7846571,46.7373416
КРЕСТЫ,199,37.1039421,55.2758332
КРИВИЙ РІГ-ГОЛОВНИЙ,200,33.4516136,47.9125695
КРИВИЙ РІГ-ЗАХІДНИЙ,201,33.3109968,47.8800441
КРИВИЙ ТОРЕЦЬ,202,37.7816466,48.4089475
КРИВИН,203,26.7002548,50.3616282
КРИЖОПІЛЬ,204,28.8650603,48.3792509
КРОЛЕВЕЦЬ,205,33.3628189,51.5515264
КРОМСКАЯ,206,36.0577763,52.9413983
КРОПИВНИЦЬКИЙ,207,32.2603995,48.5237848
КСЕНІЄВЕ,208,30.6215263,46.3633433
КУЛИНДОРОВЕ,209,30.7930894,46.633581
КУЛЬБАКИНЕ,210,32.0695448,46.91525
КУП’ЯНСЬК-ВУЗЛОВИЙ,211,37.6441755,49.6526207
КУЦІВКА,212,32.7918967,48.3139525
КУЧУРГАН,213,30.0022967,46.7538749
КУШУГУМ,214,35.1946405,47.7223523
ЛІВОБЕРЕЖНА,215,33.2677992,49.1291161
ЛІЩИНІВКА,216,34.2669373,49.2601553
ЛАДИЖИН,217,29.2399939,48.6303524
ЛАНІВЦІ,218,26.0833846,49.8742014
ЛЕБЕДИНСЬКА,219,34.4909165,50.5691508
ЛЕГЕНДАРНА,220,36.9890981,48.6433464
ЛЕСОК,221,39.7957133,54.5854401
ЛИДА,222,25.2945989,53.8815132
ЛИМАН,223,37.8252571,48.9657163
ЛИНОВИЦЯ,224,32.3759638,50.4725147
ЛИПОВЕЦЬ,225,29.2283606,49.2475242
ЛИХАЧОВЕ,226,36.2080758,49.3821469
ЛОЗОВА,227,36.3190017,48.8913879
ЛОСКУТІВКА,228,38.4183192,48.8039336
ЛОЩИННАЯ,229,56.0981298,54.8717799
ЛУБНИ,230,32.9752521,50.0203524
ЛУНИНЕЦ,231,26.8069649,52.2437988
ЛУЦЬК,232,25.3510605,50.7579735
ЛЮБАШІВКА,233,30.267114,47.8467753
ЛЮБОМИРСЬК,234,26.3748499,50.7679534
ЛЮБОТИН-ЗАХІДНИЙ,235,35.8508945,49.9532006
ЛЮДМИЛІВКА,236,31.448659,48.032768
МАГНИТОГОРСК-ГРУЗОВОЙ,237,59.0799123,53.4631429
МАКСИМІВКА-ТЕРНОПІЛЬСЬКА,238,25.9060744,49.5965503
МАЛИН,239,29.2954918,50.7746435
МАНЕВИЧІ,240,25.533395,51.2930963
МАРІУПОЛЬ,241,37.5550732,47.0850013
МАРІУПОЛЬ-ПОРТ,242,37.5065311,47.0631561
МЕЖОВА,243,36.7321583,48.2496719
МЕЛІТОПОЛЬ,244,35.3566416,46.8679555
МЕРЕФА,245,36.0476604,49.8235636
МИКОЛАЇВ,246,32.0626947,46.9380295
МИКОЛАЇВ-ВАНТАЖНИЙ,247,31.975646,46.9574246
МИКОЛАЇВКА-ДОНЕЦЬКА,248,36.3474071,48.3789549
МИКУЛИНЦІ-СТРУСІВ,249,25.6495967,49.3606355
МИЛЛЕРОВО,250,40.3926924,48.9213192
МИНЕРАЛЬНЫЕ ВОДЫ,251,43.1398697,44.2138897
МИРОНІВКА,252,30.9806845,49.6482492
МОЖ,253,36.087565,49.7705316
МУДРЬОНА,254,33.3992489,47.9177298
НІГИН,255,26.604812,48.8285897
НІЖИН,256,31.8886075,51.0179844
НІКЕЛЬ-ПОБУЗЬКИЙ,257,30.6151338,48.1732521
НІКОПОЛЬ,258,34.3915318,47.5858133
НАДВІРНА,259,24.5849831,48.6241664
НАРКЕВИЧІ,260,26.6210932,49.5084877
НИЖНЕКАМСК,261,51.8105871,55.6174584
НИЖНЬОДНІПРОВСЬК,262,35.0644183,48.4983087
НИЗОВКА,263,47.104038,61.2610726
НОВІ БЕЗРАДИЧІ,264,30.623514,50.1862548
НОВІ САНЖАРИ,265,34.4042948,49.3275821
НОВА БАВАРІЯ,266,36.1600821,49.9553455
НОВА БОРОВА,267,28.624315,50.691235
НОВГОРОД-СІВЕРСЬКИЙ,268,33.2550714,51.9931874
НОВОМИРГОРОД,269,31.6779346,48.7948782
НОВОМОСКОВСЬК-ДНІПРОВСЬКИЙ,270,35.2322052,48.6424704
НОВООЛЕКСІЇВКА,271,34.6461095,46.2256593
НОВОПОЛОЦК,272,28.5658146,55.5043974
НОВОУКРАЇНКА,273,31.516143,48.3325669
НОВОЯРОСЛАВСКАЯ,274,39.7929074,57.5756674
ОБВІДНА,275,34.9628264,48.4392577
ОВРУЧ,276,28.8179975,51.3248029
ОДЕСА-ЗАХІДНА,277,30.653464,46.4387122
ОДЕСА-ПЕРЕСИП,278,30.7261687,46.5244926
ОДЕСА-ПОРТ,279,30.7484149,46.4857247
ОДЕСА-СОРТУВАЛЬНА,280,30.7546931,46.554266
ОДЕСА-ТОВАРНА,281,30.7140459,46.4555751
ОЗЕРЯНИ,282,26.0353308,50.4576061
ОЛЕКСАНДРІВКА,283,31.6251351,48.5380095
ОЛЕКСАНДРІЯ,284,33.1329252,48.6739893
ОМСК-ВОСТОЧНЫЙ,285,73.4417095,54.9467318
ОРЛІВЩИНА,286,35.4030324,48.6169356
ОРЛОВКА,287,44.5758788,48.8544144
ОСНОВА,288,36.2367654,49.9371639
ОХТИРКА,289,34.9165496,50.317454
ОЧЕРЕТИНЕ,290,37.6118207,48.2413722
ПІВДЕННОДОНБАСЬКА,291,37.5093438,47.7517453
ПІДГОРОДНА,292,30.8933052,48.109363
ПІДЗАМЧЕ,293,24.0339587,49.8511313
ПАНЮТИНЕ,294,36.2811466,48.9404319
ПАТРИАРШАЯ,295,39.0616731,52.6542246
ПЕНИЗЕВИЧІ,296,29.3696613,50.7366371
ПЕРВОМАЙСЬК-НА-БУЗІ,297,30.8508811,48.0411294
ПЕРЕДАТНА,298,35.2236592,47.818578
ПЕРЕЧИН,299,22.4785884,48.7328828
ПЕТРО КРИВОНІС,300,30.5447604,50.3540573
ПЕЧАТКИНО,301,40.1431648,59.507535
ПОДІЛЬСЬК,302,29.5286062,47.7500196
ПОКРОВСЬК,303,37.179778,48.2850109
ПОЛОГИ,304,36.2589167,47.4762993
ПОЛОННЕ,305,27.4881715,50.1396161
ПОЛТАВА-КИЇВСЬКА,306,34.5254901,49.6035227
ПОЛТАВА-ПІВДЕННА,307,34.5951581,49.5820003
ПОМІЧНА,308,31.4082309,48.2411528
ПОПАСНА,309,38.3793501,48.6302927
ПОРОМНА,310,30.6563749,46.3968899
ПОРТ-ВЕЛИКЕ ЗАПОРІЖЖЯ,311,35.1167612,47.8757779
ПОЧАЙНА,312,30.5015646,50.4846097
ПРАВДА,313,34.6604119,48.5172104
ПРИБУЗЬКА,314,32.038174,46.8617002
ПРИДАЧА,315,39.2588845,51.6401475
ПРИДОНЕЦЬКА,316,37.7037178,48.8965011
ПРИДОНСКАЯ,317,39.5612457,51.0373104
ПРИШИБ,318,35.3255762,47.2587749
РІВНЕ,319,26.2395398,50.6276635
РАДЕНСЬКЕ,320,32.9432851,46.5650541
РАДЕХІВ,321,24.6253095,50.2842251
РАДИВИЛІВ,322,25.2609255,50.1190162
РАДУШНА,323,33.5108646,47.8240332
РАЙ,324,37.8608709,50.3852174
РЕЙТАНОВ,325,26.3074295,52.9794756
РЕЧИЦА,326,30.3934602,52.3492366
РЕЧНАЯ,327,94.476579,56.1524465
РЕШЕТНИКОВО,328,36.5669456,56.4494641
РЖЕВУСЬКА,329,29.3024254,49.4928187
РОЖДЕСТВО,330,38.9920161,52.879555
РОЖНЯТІВ,331,24.1598992,49.0002239
РОЗІВКА,332,37.0627795,47.3738638
РОКУВАТА,333,33.4782628,48.0437124
РОСТОВ-ЗАПАДНЫЙ,334,39.6114176,47.248382
РОСТУЩА,335,35.2832882,47.8091114
РОТОК,336,30.1871198,49.779591
РОЯ,337,37.3076222,47.989665
РУБІЖНЕ,338,38.3746813,49.0026841
РУДНИЦЯ,339,28.9344335,48.2605494
РЫЖКОВИЧИ,340,30.2922808,54.1577367
РЯСНА,341,34.5671057,48.1816285
СІЛЬ,342,38.0342144,48.7153712
САГАЙДАК,343,33.9818315,49.7295773
САЛАВАТ,344,55.9152166,53.3604377
САМАРІВКА,345,35.1212045,48.5405085
САПІЖАНКА,346,24.3377328,50.0830893
САРНИ,347,26.6029321,51.3387763
САРТАНА,348,37.5738471,47.1535949
СВАЛЯВА,349,22.9879961,48.5516243
СВАТОВЕ,350,38.1650529,49.4089441
СВЕКЛОВИЧНАЯ,351,35.6877651,50.7819453
СВЕТОГОРСК,352,28.8459234,61.1176937
СЕГЕЖА,353,34.3025866,63.7442644
СЕЛЕЩИНА,354,34.8356067,49.4675617
СИНЕЛЬНИКОВЕ II,355,35.5112994,48.3334677
СИХІВ,356,24.0742252,49.787454
СКАЛА-ПОДІЛЬСЬКА,357,26.2012663,48.8425458
СКАЛАТ,358,25.9684424,49.4190937
СКВИРА,359,29.656485,49.7546598
СКНИЛІВ,360,23.9349374,49.8210482
СКОРОХОДОВЕ,361,35.0728169,49.7795561
СЛОНИМ,362,25.3434634,53.0952174
СМОЛЕВИЧИ,363,28.0568505,54.0195953
СМЫЧКА,364,59.9824558,57.9401492
СНІГУРІВКА,365,32.7803085,47.0652857
СНОВСЬК,366,31.9431418,51.8141363
СОКАЛЬ,367,24.2570874,50.4648285
СОКОРИКИ,368,28.6419594,51.019735
СОЛИКАМСК,369,56.7322241,59.6332742
СОСНІВКА,370,24.2631429,50.2921241
СОФРИНО,371,37.9305753,56.1365062
СТАРОВІРІВКА,372,37.4457704,49.6782373
СТАРОКОСТЯНТИНІВ I,373,27.1653412,49.7528457
СТЕПЯНКА,374,27.6633243,53.9147348
СТОЯНІВ,375,24.6667184,50.3779309
СТРАБИЧОВО,376,22.5660436,48.3876491
СТРИЙ,377,23.8415948,49.2596139
СУМИ,378,34.8085324,50.9271301
СУМИ-ТОВАРНА,379,34.8539056,50.8952061
СУХОЛІСИ,380,30.3675301,49.7383797
ТАВРІЙСЬК,381,35.2780468,47.4396937
ТАЛЬНЕ,382,30.7230192,48.8950816
ТАТЬЯНКА,383,44.614564,48.5196195
ТЕРЕЩЕНСЬКА,384,33.4813767,51.7641833
ТЕРНОВЕ,385,36.3507646,49.8534985
ТЕРНОПІЛЬ,386,25.6008397,49.5538981
ТЕТЕРІВ,387,29.5987946,50.6985355
ТИХОНОВО,388,52.2513946,55.8300083
ТОВСТЕ,389,25.7229416,48.8530876
ТОЛОКОННОЕ,390,36.3581388,50.4495718
ТОЛЬЯТТИ,391,49.2951753,53.5662265
ТОМАШГОРОД,392,27.0688494,51.3016498
ТОРОПИЛІВКА,393,34.6704607,50.9424637
ТРИКРАТНЕ,394,31.3054678,47.7053549
ТРОСТЯНЕЦЬ-СМОРОДИНЕ,395,34.9685143,50.4819089
ТРОЯНИ,396,36.6146044,46.8787865
УГЛЕУРАЛЬСКАЯ,397,57.5379569,58.952247
УЖГОРОД,398,22.3010574,48.6094045
УМАНЬ,399,30.2043543,48.7327808
УРТААУЛ,400,69.1402374,41.1897288
УСТИНІВКА,401,30.0418189,49.9500444
ФЕДОРІВКА,402,35.3145314,47.0800407
ФЛЮСОВАЯ,403,60.0536659,55.0577191
ФУНДУКЛІЇВКА,404,32.2505219,48.9744991
ХАЙЧНОРИН,405,28.5857805,51.2896884
ХАРКІВ-ПАСАЖИРСЬКИЙ,406,36.2036094,49.9895296
ХАРКІВ-СОРТУВАЛЬНИЙ,407,36.1844877,50.0256129
ХЕРСОН,408,32.6046582,46.6565943
ХЕРСОН-ПОРТ,409,32.6059305,46.6265094
ХЛІБОДАРІВКА,410,37.4105964,47.4865084
ХМІЛЬНИК,411,27.9844926,49.5591468
ХМЕЛЬНИЦЬКИЙ,412,27.0096156,49.416223
ХОДОРІВ,413,24.3090326,49.4007798
ХОРОСТКІВ,414,25.9091413,49.1955336
ХОРТИЦЯ,415,34.9986144,47.880574
ХРИПЛИН,416,24.7417597,48.8912381
ХРИСТИНІВКА,417,29.972563,48.8152213
ЦВІТКОВЕ,418,31.5292404,49.1537441
ЧАСІВ ЯР,419,37.8226169,48.5937459
ЧЕБАРКУЛЬ,420,60.3618555,54.9845731
ЧЕЛЮСКІН,421,36.1326789,47.4937658
ЧЕЛЯБИНСК-ЮЖНЫЙ,422,61.552489,55.0928545
ЧЕРВОНОГРАД,423,24.2291158,50.3968986
ЧЕРКАСИ,424,32.0502685,49.4259386
ЧЕРНІВЦІ,425,25.9301873,48.3012209
ЧЕРНІВЦІ-ПІВДЕННА,426,25.9576477,48.2654505
ЧЕРНІВЦІ-ПІВНІЧНА,427,25.9183895,48.3173127
ЧЕРНІГІВ,428,31.2666074,51.4856082
ЧОП,429,22.2054955,48.4326976
ЧОРНИЙ ОСТРІВ,430,26.743155,49.4957679
ЧОРНОЛІСЬКА,431,32.5198752,48.7486122
ЧОРНОМОРСЬК-ПОРТ,432,30.6293165,46.322273
ЧОРНОМОРСЬКА,433,30.7600098,46.8277646
ЧОРНОМОРСЬКА(ДЛЯ ОПЗ),434,30.7600098,46.8277646
ЧОРТКІВ,435,25.7889598,49.027189
ЧОРТОМЛИК,436,34.1283487,47.6188119
ЧУГУЇВ,437,36.6690635,49.8189242
ШАМХАЛ,438,47.3328097,43.0533322
ШАРЬЯ,439,45.5241172,58.3663749
ШАХУНЬЯ,440,46.6177933,57.6719491
ШЕВЧЕНКОВЕ-ПІВДЕННЕ,441,37.1754704,49.6943695
ШЕПЕТІВКА,442,27.0660277,50.1966332
ШЕПЕТІВКА-ПОДІЛЬСЬКА,443,27.0766096,50.163195
ШКЛО-СТАРЖИСЬКА,444,23.5333837,49.9757168
ШМАКОВЕ,445,33.4104502,47.9641275
ШПИЧКИНЕ,446,37.5580017,48.7621409
ШПОЛА,447,31.3975977,48.9950661
ЭЛЕКТРОСТАЛЬ,448,38.4610251,55.7867818
ЭЛЕКТРОСТАНЦИЯ,449,61.4147137,55.1921879
ЮБИЛЕЙНАЯ,450,63.2222206,46.0570859
ЯГОДИН,451,23.8958788,51.1981905
ЯГОТИН,452,31.7959299,50.2376976
ЯМНИЦЯ,453,24.711063,48.985446
ЯРЕСЬКИ,454,33.8831981,49.8152047
ЯРМОЛИНЦІ,455,26.8042456,49.1788641
ЯСІНЯ,456,24.3539082,48.2562501
ЯСНА ЗОРЯ,457,31.7166752,47.1878051
ОЛЬШАНИЦЯ,458,30.6488384,49.6583289
ЄМИЛІВКА,459,30.5992946,48.3387709
ІЗЮМ,460,37.3015645,49.2160489
ІЗЯСЛАВ,461,26.8322021,50.1072855
АЛІЯГА,462,29.1879977,45.7903593
АНДРІЯШІВКА,463,33.3740173,50.5626218
АНТОНІНИ,464,26.9860058,49.7916552
БІЛА ЦЕРКВА,465,30.1099204,49.812279
БІЛГОРОД-ДНІСТРОВСЬКИЙ,466,30.3379051,46.1848606
БІЛИЙ КОЛОДЯЗЬ,467,37.1032215,50.2038772
БІЛОВОДИ,468,33.4885611,50.6551858
БІЛОПІЛЛЯ,469,34.2711546,51.1420027
БАР,470,27.7226381,49.0361007
БАРИШІВКА,471,31.3165928,50.3465874
БЕРДИЧІВ,472,28.6131692,49.8895725
БЕРЕЗІВКА,473,30.9419706,47.192493
БЕРЕЗИНЕ,474,29.2060337,46.2303525
БЕРЕЗОВИЦЯ-ОСТРІВ,475,25.6054131,49.4908455
БЛИЗНЮКИ,476,36.5491635,48.8575963
БОГДАНІВЦІ,477,27.1410394,49.3738897
БОГУСЛАВ,478,30.8856674,49.5643875
БРІВКИ,479,29.2124659,49.9242551
БРАТОЛЮБІВКА,480,33.8523324,46.8317135
БРЕСТ-ВОСТОЧНЫЙ,481,23.7272676,52.1102695
БРЕСТ-ЦЕНТРАЛЬНЫЙ,482,23.68103,52.1000169
БРЯНСК-ЛЬГОВСКИЙ,483,34.4098788,53.2135033
БУЗІВКА,484,35.1748024,49.1038336
БУРЛУК,485,37.4026442,50.0367311
ВІКТОРІЯ,486,26.6004113,49.1685209
ВІЛЬНЯНСЬК,487,35.4381005,47.9433816
ВАРВАРІВКА,488,35.9857763,48.7048015
ВАШКІВЦІ,489,25.515368,48.3802171
ВЕЛИКИЙ ТОКМАК,490,35.719006,47.2338947
ВЕНДИЧАНИ,491,27.7798034,48.6073059
ВЕРХІВЦЕВЕ,492,34.2374047,48.482478
ВЕСЕЛИЙ КУТ,493,29.9919671,47.105875
ВЕСЕЛИНОВЕ,494,31.2258647,47.3625443
ВИГОДА,495,30.398402,46.6138209
ВИРИ,496,34.374762,51.0212053
ВОРОНОВИЦЯ,497,28.7116891,49.1237459
ВРАДІЇВКА,498,30.5855736,47.8769232
ГАЛКА,499,32.1907099,50.7063106
ГАННІВКА,500,33.9005619,49.2368194
ГЛУХІВ,501,33.9386875,51.6785322
ГНІВАНЬ,502,28.3298186,49.1024097
ГОГОЛЕВЕ,503,33.8232524,49.9122851
ГОРБАШІ,504,28.6823099,50.4559861
ГОРОДЕНКА-ЗАВОД,505,25.4762378,48.6825174
ГОРОДНЯ,506,31.6389697,51.914646
ГОРОДОК-ЛЬВІВСЬКИЙ,507,23.6299844,49.7891237
ГРАБАРІВКА,508,32.4052228,50.3649994
ГУБАРІВКА,509,35.3748054,50.1776785
ГУДЫ,510,25.2654134,53.9583269
ГУЛЯЙПОЛЕ,511,36.1650832,47.6482135
ГУСЯТИН,512,26.1836905,49.0733854
ДЕВЛАДОВЕ,513,33.7541538,48.1039568
ДЕНГОФІВКА,514,29.8058779,49.3078961
ДЕРЕНІВКА,515,25.7710375,49.2397576
ДОЧ,516,32.5788451,51.3159729
ДРАБОВЕ-БАРЯТИНСЬКЕ,517,32.3045689,49.9594826
ЕСМАНЬ,518,34.0395888,51.8120314
ЖАШКІВ,519,30.0973852,49.2429662
ЖУРАВЛІВКА,520,28.7203524,48.6012189
ЗАКОМЕЛЬСЬКА,521,37.2036331,49.3769077
ЗАСТАВНА,522,25.8552378,48.5336962
ЗАЧЕПИЛІВКА,523,35.2273293,49.2137223
ЗВИНЯЧЕ,524,24.90896,50.5181031
ЗМІЇВ,525,36.3702936,49.7072361
ЗОЛОЧІВ,526,35.989292,50.2770252
КІЛЬЧЕНЬ,527,35.2738605,48.8790121
КАЗАНКА,528,32.7630359,47.8823451
КАЛАНЧАК,529,33.4684205,46.2537417
КАЛЬЧИК,530,37.5980463,47.303725
КАМКА,531,31.7804168,51.8637873
КАПІТАНІВКА,532,31.699672,48.9159626
КАПУСТИНЕ,533,31.5513351,48.4714491
КАРЛІВКА,534,35.1274434,49.4551337
КАРОЛІНА,535,28.9606416,48.9260295
КАХОВКА,536,33.4316191,46.7530656
КАЧАНІВКА,537,32.6582765,50.8895912
КЕГИЧІВКА,538,35.7679049,49.286417899999996
КЗЫЛ-ТУ,539,72.3631775,53.6477259
КИРИКІВКА,540,35.1349108,50.3434204
КИСЛІВКА,541,37.911098,49.6426519
КОВ’ЯГИ,542,35.5550973,49.9182649
КОЛОМАК,543,35.2183742,49.8552719
КОРСУНЬ,544,31.3117306,49.4300971
КОТЮЖАНИ,545,27.7535211,48.7882955
КРАСНЕ,546,24.614684,49.9168901
КРАСНОПАВЛІВКА,547,36.3213995,49.1399494
КРЕМЕНЕЦЬ,548,25.7098452,50.1209565
КРОШНЯ,549,28.6710881,50.2952605
КУЗЕМІВКА,550,37.9591065,49.5208804
КУЛЕВЧА,551,29.9129682,46.0402293
ЛАЗІРКИ,552,32.643631,50.0955392
ЛЕПЕСІВКА,553,26.2149478,49.9554621
ЛИСЯНКА,554,30.8496998,49.2659339
ЛОХВИЦЯ,555,33.4602221,50.3692105
МЕНА,556,32.2347591,51.5323327
МЕЧЕТНА,557,36.2002664,47.9835435
МИНСК-ВОСТОЧНЫЙ,558,27.5857338,53.8906887
МИРГОРОД,559,33.630036,49.9492729
МИРОВА,560,34.7338548,47.7704961
МИХАЙЛЕНКИ,561,28.2933316,49.9711604
МОГИЛІВ-ПОДІЛЬСЬКИЙ,562,27.7749534,48.4577387
МОНАСТИРИЩЕ,563,29.7127517,49.0060932
НЕПОЛОКІВЦІ,564,25.6531805,48.399721
НЕСВІЧ-ВОЛИНСЬКИЙ,565,25.1562762,50.6113436
НИЗИ,566,34.7640435,50.7735952
НОВОВЕСЕЛА,567,34.8803448,47.025659
НОСІВКА,568,31.6040816,50.9028378
ОЛИКА,569,25.7391396,50.7833456
ОРІЛЬКА,570,36.0190212,48.97458
ОРІХІВСЬКА,571,35.7841122,47.5604809
ОРАТІВ,572,29.3902778,49.1754984
ОСКЕМЕН 1,573,82.5639882,50.0063981
ПІДВОЛОЧИСЬК,574,26.1408224,49.5292097
ПАВЛИШ,575,33.3384905,48.9117962
ПАВЛОДАР,576,76.9724264,52.3004585
ПАВЛОПІЛЛЯ,577,34.0321544,47.8711972
ПАРТИЗАНИ,578,34.7498866,46.3298811
ПЕРЕЩЕПИНЕ,579,35.2946992,49.0280827
ПЕРЕЯСЛАВСЬКА,580,31.6554583,50.2645691
ПЕТРОПАВЛІВКА,581,36.4863459,48.431527
ПЕЧАНІВКА,582,27.8004179,50.0752346
ПИРЯТИН,583,32.5059328,50.2381962
ПЛЕТЕНИЙ ТАШЛИК,584,31.7265281,48.4610334
ПОЛТАВСКАЯ,585,38.2194193,45.3449948
ПОПІЛЬНЯ,586,29.459432,49.9444664
ПОПЕЛЮХИ,587,28.9757,48.2152283
ПОТАШ,588,30.3286396,48.9201992
ПРИВІЛЬНЕ,589,34.7564735,48.2268422
ПРИЛУКИ,590,32.3837717,50.5819014
ПУТИВЛЬ,591,33.8453848,51.2032531
РАУХІВКА,592,30.8314267,47.1699103
РАХНИ,593,28.4720037,48.7887987
РЕШЕТИЛІВКА,594,34.1405043,49.6372958
РОГАНЬ,595,36.4309472,49.9020231
РОГАТИН,596,24.6212989,49.3994788
РОЖИЩЕ,597,25.2607231,50.9096935
РОЗДОРИ,598,35.7097989,48.3264613
РОКИТНЕ,599,30.5073396,49.6956778
РОМАНКІВЦІ,600,27.2508238,48.4962524
РОМНИ,601,33.4683744,50.7490916
РОМОДАН,602,33.3206772,49.9924227
РУБАНКА,603,32.9448507,50.9373922
РЯДОВА,604,33.5336206,48.2292598
СІВЕРСЬК,605,38.0932116,48.8702118
СІРОГОЗИ,606,34.3746207,46.9422792
САВИНЦІ,607,26.8371332,49.0898476
САРАТА,608,29.679012,46.0156557
САХНОВЩИНА,609,35.8717721,49.149898
СВІТЛОВОДСЬК,610,33.2546666,49.0459991
СЕМЕНІВКА,611,32.5815767,52.203835
СЕНЧА,612,33.440858,50.1977227
СЕРДЮКІВКА,613,31.7985049,49.0361698
СИГНАЇВКА,614,31.4977229,49.0572645
СИНЕЛЬНИКОВЕ I,615,35.5260622,48.3145685
СИРОВАТКА,616,34.8580644,50.7919062
СЛАВГОРОД-ПІВДЕННИЙ,617,35.5103467,48.1252167
СМІЛА,618,31.8759037,49.2409694
СОЛОНИЦЬКА,619,33.0364932,49.981189
СОРОКА,620,29.3592287,49.071476
СУЛА,621,33.3990654,50.3989215
СУПРУНІВКА,622,34.4757432,49.5893813
СУХОВОЛЯ,623,26.3814837,49.9994243
ТАГАНЧА,624,31.1291564,49.5701879
ТАЛАЛАЇВКА,625,33.1412145,50.8466487
ТЕРЕБОВЛЯ,626,25.696344,49.2987415
ТЕТІЇВ,627,29.7096171,49.3666694
ТОРСЬКЕ,628,25.7107156,48.7575286
ТРОСТЯНЕЦЬ-ПОДІЛЬСЬКИЙ,629,29.2159039,48.5144917
ТУРІЙСЬК,630,24.5327667,51.0796919
УЛАДІВКА,631,28.2040475,49.507372
УЛЯНІВКА,632,31.6452009,48.5956196
УСТЬ-КАМЕНОГОРСК,633,82.6477443,49.9560618
ФІСАКИ,634,35.5356218,47.7244919
ФЕНОЛЬНА,635,37.8388036,48.3329687
ХАЩУВАТЕ,636,29.9584093,48.3148977
ХОРОЛ,637,33.2071901,49.7843504
ЧОРНОРУДКА,638,29.0271749,49.8448388
ЧОТИРБОКИ,639,27.0116356,50.0275542
ЧУБІВКА,640,29.583381,47.6520871
ЧУДНІВ-ВОЛИНСЬКИЙ,641,28.1438749,50.0188824
ШАРІВКА,642,32.7949758,48.5012759
ШОСТКА,643,33.4802915,51.8583567
ЩАСЛИВА,644,33.3895529,48.5944312
ЮСКІВЦІ,645,33.3301785,50.4698254
ЯКИМІВКА,646,35.1644085,46.680507
ЯЛГА,647,45.1398747,54.1300857
ЯНОВ-ПОЛЕССКИЙ,648,25.5520544,52.1294108
ЯРОШЕНКА,649,28.2679636,48.9022636
АЛТАЙСКАЯ,650,83.9319131,53.3919078
БАГАЧЕВЕ,651,31.0459343,49.017355
БЕЛОВО,652,86.3132308,54.4114506
БИРЮЛИНСКАЯ,653,86.2503703,55.6437673
БОЧАТЫ,654,86.2176515,54.2529981
ГРОДІВКА,655,37.313787,48.2272934
ГУКОВО,656,39.9412787,48.0499167
ДЕГЕЛЕН,657,78.507319,50.7442052
ДОВЖАНСЬКА,658,39.6514966,48.0493657
ЕВСИНО,659,83.3504729,54.510851
ЕРУНАКОВО,660,87.1880096,53.9982772
ЗАБОЙЩИК,661,86.2001905,55.5956798
ЗВЕРЕВСКАЯ,662,40.190605,48.0463572
ИНСКАЯ,663,83.1196256,54.9643598
КАМЕНОЛОМНИ,664,40.1943306,47.664826
КАРАГАНДА-УГОЛЬНАЯ,665,73.1041469,49.8912513
КРАСНЫЙ КАМЕНЬ,666,86.5374854,54.0054563
КРЕМІННЕ,667,38.2371937,49.053536
КУРАХІВКА,668,37.3748838,48.0367169
КУРГАН,669,65.3198272,55.4417447
ЛАТЫШИ,670,86.1660076,55.5329766
ЛИХАЯ,671,40.1911414,48.1559595
МЕЖДУРЕЧЕНСК,672,88.0220724,53.6987135
МИНУСИНСК,673,91.635361,53.6280816
МУЛЬДА,674,63.6508512,67.4738633
МЫСКИ,675,87.7441872,53.7427307
НЕСВЕТАЙ,676,39.8879603,47.8077946
НОВОГРОДІВКА,677,37.3314827,48.2013991
НОВОМИХАЙЛОВСКАЯ,678,40.1266139,48.0485507
ОБНОРСКАЯ,679,87.2351246,53.7722731
ПЛАСТИ,680,37.355981,48.1022533
ПОЛОСУХИНО,681,87.3263286,53.9019926
РАЗРЕЗ,682,87.7428038,69.3731468
РОВЕНЬКИ,683,39.3700895,48.0957108
РОДИНСЬКА,684,37.1983886,48.3608443
РОСІЯ,685,37.3609401,48.1592287
РУТЧЕНКОВЕ,686,37.6844187,47.9651946
САРБАЛА,687,87.3005183,53.4559429
СВІТЛАНОВЕ,688,38.4276091,48.7143864
СПИЧЕНКОВО,689,86.8386868,53.7833092
ТРУДАРМЕЙСКАЯ,690,86.4037022,54.1271807
УДАЧНА,691,36.9873133,48.2378224
УЗА,692,30.8159044,52.598225
УШКУЛЫН,693,75.6996562,51.4622187
ЦЕНТРОЛИТ,694,30.9036784,52.4302146
ЦУКУРИХА,695,37.3074997,48.0837089
ЧАПАЕВКА-РОСТОВСКАЯ,696,40.7558897,48.0198472
ЧЕЛЯБИНСК-ГЛАВНЫЙ,697,61.4177687,55.1406156
ЧЕРКАСОВ КАМЕНЬ,698,86.7436239,53.9798595
ЧЕРНОГОРСКИЕ КОПИ,699,91.2832926,53.8086568
ЧУЛЬБАСС,700,124.8576921,56.9566736
ЗАРИНСКАЯ,701,84.9405772,53.7045397
ОСЕНЦЫ,702,56.1793879,57.9037599
ПРЕДКОМБИНАТ,703,86.0299531,55.3602795
ГОНЧАРОВО,704,104.1062282,52.2009073
АНДРЕАПОЛЬ,705,32.2632925,56.6461571
АНТОНІВКА,706,26.3030113,51.3114876
БАБУШКИНО,707,61.7204598,58.0354349
БЕРЕЖАНИ,708,24.9501194,49.4450107
БЕРЕЖЕСТЬ,709,28.9521231,51.4702964
БОРИСЛАВ,710,23.4327481,49.2980447
БОРОДЯНКА,711,29.8914525,50.6285797
ВЕЛІДНИКИ,712,28.4924788,51.2952653
ГАГАРИН,713,34.9853956,55.5436927
ГАНЦЕВИЧИ,714,26.4349011,52.7585667
ГЛІБОВИЧІ,715,24.2265568,49.628015
ГОРНОСТАЇВКА,716,31.1519795,52.0533033
ГОРЫНЬ,717,26.7837767,51.8520842
ГРИБОВА РУДНЯ,718,31.1566179,51.966146
ГРЯЗОВЕЦ,719,40.2292992,58.8842441
ДРОГИЧИН,720,25.0522218,52.1819816
ЕЛЬСК,721,29.1536303,51.8212508
ЖИТКОВИЧИ,722,27.8560449,52.2187075
ЖОВКВА,723,23.9674973,50.0494945
ЗАБОЛОТТЯ,724,24.2518775,51.6294506
ЗЕРНОВЕ,725,34.0223688,52.1838537
ИВАЦЕВИЧИ,726,25.34529,52.7092138
КАДНИКОВСКИЙ,727,40.265972,60.3160886
КИРНАСІВКА,728,28.9933862,48.5785814
КЛЕСІВ,729,26.8917656,51.3115498
КОПИЧИНЦІ,730,25.9275239,49.0989358
КОПЦЕВИЧИ,731,28.3156718,52.2282399
КОРНИН,732,29.5176105,50.0420709
ЛІСОВОДИ,733,26.471177,49.146637
ЛУГИНИ,734,28.379531,51.0347394
ЛЮБОМЛЬ,735,24.041124,51.2156581
МАНТУРОВО,736,44.7426497,58.334069
МЕЖЕГ,737,49.4217719,62.0907817
МЕЖИРІЧЧЯ,738,25.6308068,48.0524938
МОСТЫ,739,24.5420979,53.4287547
МУЛЯРОВКА,740,28.5620693,52.2077052
НЕМІШАЄВЕ,741,30.0862009,50.5618934
НОВОБЕЛИЦКАЯ,742,31.0326415,52.3999011
ОЗЕРЯНИ-ПИЛАТКІВЦІ,743,25.9452499,48.8897028
ОЛЕВСЬК,744,27.6477957,51.2285475
ОРИЧИ,745,49.0547729,58.4033282
ОСТКИ,746,27.3683018,51.2629856
ПЕРЕГОНІВКА,747,31.7624667,49.2214312
ПИНСК,748,26.0890187,52.1222389
ПОЯСКИ,749,27.8073624,51.2057714
РАДУЛИНО,750,27.3959965,50.3576486
РАЗІНЕ,751,27.9558224,50.0525533
РОКИТНЕ-ВОЛИНСЬКЕ,752,27.2206992,51.2712437
САМБІР,753,23.21262,49.5167732
СКОЛЕ,754,23.5045841,49.0341422
СМОРГОНЬ,755,26.3713114,54.4753193
СПАРТАК,756,29.7399896,50.6747309
СТАРАЯ ТОРОПА,757,31.6669094,56.2797101
СТАРИЙ САМБІР,758,23.0032517,49.4424248
СТОРОЖИНЕЦЬ,759,25.7257424,48.1554961
СУКМАНЫ,760,55.4556542,57.9480578
ТЕРЕСВА,761,23.7000936,47.995729
ТОВКАЧІВСЬКИЙ,762,28.8754292,51.3862696
ТОРОПЕЦ,763,31.6479592,56.513997
ТУХЛЯ,764,23.4779885,48.9199827
УДРИЦЬК,765,26.7504062,51.7473285
ХОЙНИКИ,766,30.0064308,51.9184782
ХУТІР-МИХАЙЛІВСЬКИЙ,767,33.9459817,52.0443505
ШАБАЛИНО,768,47.1092055,58.3025273
ЯВОРА,769,23.0724149,49.1869026
БЕЛГОРОД-СУМСКОЙ,770,36.5749092,50.5880778
БЕРДА,771,36.7714872,46.7937872
БУЧА,772,30.220902,50.548643
ВЕЛИКА КАХНІВКА,773,33.4321594,49.1064852
ВИНОГРАДІВ-ЗАКАРПАТСЬКИЙ,774,23.0270752,48.1340236
ДЕРГАЧІ,775,36.1347941,50.1004333
ДНІПРОРУДНЕ,776,34.9623733,47.1725428
ДОЛИНА,777,23.9840692,48.9822723
КАЛЬМІУС,778,37.8839462,48.0650816
КУРСК,779,36.2286295,51.7497629
ЛАРГА,780,26.8504654,48.4310705
ЛУЖАНИ,781,25.7709643,48.3618616
МАРГАНЕЦЬ,782,34.6197079,47.6547439
МИКОЛАЇВ-ДНІСТРОВСЬКИЙ,783,23.9535247,49.5115649
МИХАЙЛОВСКИЙ РУДНИК,784,35.389192,52.3540965
ОБАРІВ,785,26.1795791,50.6762476
ОДЕСА-ЗАСТАВА II,786,30.6859215,46.4660157
ПЕРСЕНКІВКА,787,24.0304364,49.8096607
РЫШКОВО,788,36.1368647,51.6554527
СВЯТОШИН,789,30.3908112,50.4578202
СУЗЕМКА,790,34.0734726,52.3180605
ТЕРНИ,791,33.5324037,48.1813107
ТЯЧІВ,792,23.5758752,48.0148271
ХАРКІВ-ВАНТАЖНИЙ,793,36.2411083,49.9577503
ХУСТ,794,23.2977558,48.1616314
ШАБО,795,30.3536783,46.1405711
ШЕРЕКИНО,796,35.2469574,51.6914046
ІГНАТПІЛЬ,797,28.7151986,51.1431202
ІСПАС,798,25.2523588,48.2985062
АСБЕСТ,799,61.5125833,57.0051116
БЕЛГОРОД,800,36.606351600000004,50.5928761
БЕЛОМЕСТНАЯ,801,36.6294011,50.6774744
БЕРЕЗИНА,802,29.2491794,53.1309219
БЕХИ,803,28.6775085,51.073256
БОБРИК,804,31.0372168,50.6468208
БОЛЕСЛАВЧИК,805,30.7804641,48.1139936
БОРЖАВА,806,22.7193486,48.1645591
БОРОВИЧИ,807,33.8896127,58.3890631
БРАЇЛІВ,808,28.1401491,49.0860423
ВЕРХНИЙ УФАЛЕЙ,809,60.2453515,56.0638037
ВИГНАНКА,810,25.8601497,49.0382591
ВЯЗЬМА-БРЯНСКАЯ,811,34.3714625,55.1690946
ГАЙВОРОН,812,29.854514000000002,48.340107
ГРАНІТНИЙ,813,28.3853505,50.9150431
ГРОДНО,814,23.8491277,53.6864813
ГРЭС,815,59.8930361,58.6179144
ДЕМУРИНЕ,816,36.4747954,48.1779782
ДЖАБЫК,817,59.9645736,53.1639029
ДОМАНОВО,818,25.4741916,52.8287699
ДУБРОВКА-ЧЕЛЯБИНСКАЯ,819,61.3205742,54.9432289
ЕЛЕКТРИЧНА,820,37.7525919,48.8678496
ЕМАНЖЕЛИНСК,821,61.2445179,54.7830874
ЖИТИКАРА,822,61.2852549,52.2144927
ЗАБАЙКАЛЬСК,823,117.3308923,49.6402266
ЗАЛЕСЬЕ,824,26.5411156,54.4212587
ЗАЧАТІВСЬКА,825,37.1977691,47.4701995
ИРТЫШСКИЙ ЗАВОД,826,82.3078484,50.144267
КАЛИЙ IV,827,27.7728612,52.8039767
КВАРЦОВИЙ,828,35.8521498,49.6739004
КОРДИШІВКА,829,28.7836245,49.6400196
КРИВИЙ РІГ-СОРТУВАЛЬНИЙ,830,33.5264264,47.9645395
ЛАТЫШСКАЯ,831,36.7052022,55.359256
ЛУЖКИ-ОРЛОВСКИЕ,832,36.0960715,52.9321238
МАЙДАН-ВИЛА,833,27.3067596,50.2908243
МАМАЛИГА,834,26.5753068,48.2526395
МАУК,835,60.4563435,55.9121444
МЕРЦАЛОВЕ,836,37.2221286,48.4237134
МИРОПІЛЬ,837,27.6686781,50.099766700000004
НИГОЗЕРО,838,34.3343058,62.2236425
НОВОБЛАГОВЕЩЕНКА,839,79.9021214,52.8200519
НОВОЛУКОМЛЬ,840,29.1411905,54.6783598
ОБОЛЬ,841,29.2749944,55.3635222
ОРША-СЕВЕРНАЯ,842,30.4476129,54.5422401
ПІДВИСОКЕ,843,24.7781473,49.3800654
РАДОШИН,844,24.9694139,51.1762131
РЕДУТИ,845,33.5666497,49.0160344
РЕЖ,846,61.4317349,57.3651606
РОСЬ,847,24.4239955,53.2936266
РОТИ,848,38.2217799,48.5177482
САМЧИНЦІ,849,29.0790668,48.8728985
САХАРНА,850,32.6253324,48.643897
СИНЯ ГОРА,851,36.31527,47.2759489
СОКИРЯНИ,852,27.3726944,48.4442575
СТАРОБІЛЬСЬК,853,38.9278309,49.2773357
СТОЙЛЕНСКАЯ,854,37.7840024,51.2980029
СТУЛЬНЕВЕ,855,36.0164906,47.2126668
ТРИТУЗНА,856,34.5993126,48.5243566
ХЛИСТУНІВКА,857,31.4630917,49.2009871
ХОТИСЛАВ,858,24.1740345,51.7047865
ШАТРИЩЕ,859,28.7107985,50.9357976
ШИДЛОВСЬКА,860,37.4061075,48.8302988
ЩЕБЕНЕВИЙ,861,36.5972424,47.3085219
ЯНІСОЛЬ,862,37.8146188,47.4341947
ВЕНЕСЛАВІВКА,863,33.7362443,50.3640603
ГОРОБЛАГОДАТСКАЯ,864,59.7097214,58.2666952
СЛОБІДКА,865,29.3442442,47.8851028
АНИСОВКА,866,46.0820729,51.4092433
АХУНБАБАЕВА,867,71.7507149,40.4561103
БАРБАРОВ,868,29.2730469,51.900985
БЕКАСОВО-СОРТИРОВОЧНОЕ,869,36.8717086,55.4186124
ВЕТЛАСЯН,870,53.7770222,63.5733738
ЗЕЛЕЦИНО,871,44.1348325,56.1375856
КАРГАЛА,872,54.8634281,51.8882944
КЛАВДІЄВО,873,30.0082249,50.5835874
КОЛОДЕЗНАЯ,874,39.2991781,51.3518694
КРЯЖ,875,50.07156,53.1193879
КУЛЬСАРЫ,876,53.9387283,46.9479592
КУЛЬШАРИПОВО,877,52.1577948,54.8616013
ЛАПШИНСКАЯ,878,44.9957111,50.3646923
МЕРЧИК,879,35.7641432,50.0077195
НИКЕЛЬ,880,58.5645985,51.248295
НОВОКУЙБЫШЕВСКАЯ,881,49.8974723,53.1151912
ПРИЮТОВО,882,53.9344619,53.8961891
РУДЕНСК,883,27.8596795,53.5967616
СВИСЛОЧЬ,884,24.0762058,53.0159519
ТЕНДЫК,885,52.0299822,47.14731
ТОБОЛЬСК,886,68.3109059,58.2887671
ТОМАРОВКА,887,36.2385268,50.6717567
ТУЙМАЗЫ,888,53.7096986,54.6075606
ТЮЛЬПАН,889,51.5675607,52.1976913
УРЕНЬ,890,45.7941334,57.4633103
УФА,891,55.9485841,54.7484151
ШОСТАКІВКА,892,31.9715364,48.5165479
КАЧКАНАР,893,59.5093993,58.7005136
КУРБАКИНСКАЯ,894,35.557953500000004,52.4333175
САТКА,895,59.0200689,55.038545
КАНАТОВЕ,896,32.3831333,48.5901529
АРАЛ ТЕНИЗИ,897,61.6751805,46.8008965
АЗОТНАЯ,898,33.3590438,54.9770473
АККАРЖА,899,30.5588679,46.3321844
АКТАУ-ПОРТ,900,51.2225562,43.5995627
АУЛЬС,901,23.959615199999998,53.6742759
БЕЛОРЕЧЕНСКАЯ,902,39.8940867,44.7527301
БЕРЕЗНИКИ-СОРТИРОВОЧНАЯ,903,57.0153893,59.3352256
БОЗСУ,904,69.575108,41.4461478
БРЯНСК-ОРЛОВСКИЙ,905,34.4062012,53.2629041
ВОСКРЕСЕНСК,906,38.7019393,55.3129901
ЗАЯЧЬЯ ГОРКА,907,56.7487471,59.4401287
КИРГИЛИ,908,71.8068342,40.4376015
КОШТА,909,37.7490368,59.1416548
НЕВИННОМЫССКАЯ,910,41.9637009,44.6307564
НОВГОРОД-НА-ВОЛХОВЕ,911,31.2501116,58.5266324
РОССОШЬ,912,39.6023896,50.1842684
САЛА,913,28.4266377,59.3770987
СЕВЕРНАЯ,914,55.9021902,53.4389581
СОЛИКАМСК II,915,56.748090500000004,59.6056463
ТИНЧЛИК,916,65.3199016,40.0888492
ЮЛЬЕВКА,917,47.9285944,51.9334007
АЛЕКСЕЕВСКАЯ,918,50.4868184,53.2358037
АССА,919,71.1498952,43.0315481
БЕЗЫМЯННАЯ,920,46.44071,51.3379377
БЕНЗИН,921,56.0906975,54.8324172
БЛОЧНАЯ,922,56.2050439,58.044318
ВОЛЖСКИЙ,923,44.7545815,48.8102098
ЖАНААУЛ,924,73.1184442,50.0668719
ЖЕМ,925,58.147844,48.8230962
ЖИНИШКЕ,926,57.1318874,50.3379784
ИГУМНОВО,927,43.5804983,56.2525398
КАУЧУК,928,53.923937,56.6663138
КИРИШИ,929,32.0273893,59.4573711
КНЯЗЕВКА,930,45.9578679,51.4562719
ЛУНГАЧИ,931,32.65349,60.1172269
МАЛАЯ АНДРЕЕВКА,932,38.0946815,53.280203
НОВОЛЕСНАЯ,933,47.9602347,46.4295374
НОВООТРАДНАЯ,934,51.3468963,53.3594561
НОВОЧЕБОКСАРСК,935,47.5406772,56.0742782
ПАВЛОДАР-ПОРТ,936,76.8764721,52.3364162
ПЕРЕВОЗ,937,101.9582439,54.0414157
ПИКАЛЕВО II,938,34.1742208,59.5246707
РАЗУМНОЕ,939,36.6799902,50.5177093
ХИМИЧЕСКАЯ,940,44.8398159,48.8258413
ЧЕПЕЦКАЯ,941,49.9867275,58.5374421
ШУБАРКОЛЬ,942,68.7785893,49.0001346
ОЛЕШКИ,943,32.8336157,46.6319518
ПРЕДЗАВОДСКАЯ,944,91.4601691,53.1943557
РУДНЯ-ПОЧАЇВСЬКА,945,25.4978787,50.222964
АППАРАТНАЯ,946,60.6752646,56.871556
АША,947,57.2668402,54.9959837
ГЕЙКІВКА,948,33.0659023,47.9303488
ИСТОЧНИК,949,60.5672431,59.6719451
КОЛОСІВКА,950,31.0183821,47.3053866
КРУГЛОЕ ПОЛЕ,951,52.172981,55.6193095
НАВАШИНО,952,42.1915287,55.5395655
НОВОКУЗНЕЦК-СОРТИРОВОЧНЫЙ,953,87.0593573,53.7439606
НОВОЛИПЕЦК,954,39.6245386,52.5700069
НОВОТРОИЦК,955,58.3403747,51.2021202
ПЕРВОУРАЛЬСК,956,59.9776207,56.8894114
СЕРОВ-ЗАВОДСКОЙ,957,60.6022712,59.5969826
ТАГАНРОГ,958,38.914356,47.2213521
ТУЛА-ВЯЗЕМСКАЯ,959,37.6289001,54.208975
БАЛАКОВО,960,47.7887893,52.0027616
БОЖКОВЕ,961,34.7888108,49.6591913
ЕКАТЕРИНБУРГ-СОРТИРОВОЧНЫЙ,962,60.4729879,56.8824878
КАМЕНСК-УРАЛЬСКИЙ,963,61.9229123,56.4272633
КУРИЛІВКА,964,37.669524,49.6583337
АЛЛАГУВАТ,965,55.920432,53.4679931
КРАСНОДАР-СОРТИРОВОЧНЫЙ,966,39.0454723,45.0370564
ОРЕХОВО-ЗУЕВО,967,38.9756838,55.7953125
РАЗГУЛЯЕВКА,968,44.4762039,48.7865248
РЕВДА,969,59.9263135,56.8121734
КАГАРЛИК,970,30.784582,49.8418708
ЧАПЛИНЕ,971,36.2336932,48.1272699
ЛЮБОТИН,972,35.9271539,49.9413783
НОВОСИБИРСК-ВОСТОЧНЫЙ,973,82.9741446,55.0679429
ІСКРЕНЕ,974,31.2176853,48.9913294
БІЛИЧІ,975,30.3352713,50.4876868
ВАГОНОЗАВОД,976,60.088767,57.9542869
ДАВИДІВ,977,24.1492134,49.7417807
КЕРАМИК,978,60.6087731,56.7505929
НОВИЙ БУГ,979,32.5767778,47.6854549
УЧАЛЫ,980,59.4387962,54.3705122
ЩУРОВО,981,38.8515068,55.0647482
ЯВКИНЕ,982,32.4703682,47.3193277
ЯНЦЕВЕ,983,35.3562967,47.9078933
ВИЛИ,984,32.8100588,50.0561171
ЛИСКИ,985,30.0922896,52.3256715
БАБАЕВО,986,35.9486821,59.3858755
ВЕЛИКИЙ УСТЮГ,987,46.2784052,60.7835071
ВОЙНОВКА,988,65.6402952,57.1017685
ЛОЙГА,989,44.6124453,61.0826595
РЫБКИНО,990,39.897904,59.2651614
СУХОБЕЗВОДНОЕ,991,44.8889508,57.0449803
ЧЕБСАРА,992,38.8311242,59.2052574
ЯСНАЯ ПОЛЯНА,993,37.5686064,54.0971654
ДОБРОТВІР,994,24.35101,50.1985553
ЗЕНЬКОВО,995,86.7661947,53.8250381
КИЙЗАК,996,87.9327964,53.7246439
НЕРЮНГРИ-ГРУЗОВАЯ,997,124.7294922,56.714719
ПРОКОПЬЕВСК,998,86.7462994,53.9068972
СВЕТЛОГОРСК-НА-БЕРЕЗИНЕ,999,29.7149385,52.6309405
УЖУР,1000,89.8298947,55.3046586
АНГЕЛИНСКАЯ,1001,38.4628334,45.3641304
БОЖЕДАРІВКА,1002,34.1144743,48.3523387
ВЫСОКО-ЛИТОВСК,1003,23.3814132,52.4004991
ГНІЗДИЧІВ,1004,24.1047921,49.3280524
ГОРОХІВ,1005,24.8158692,50.4497758
ПАНТАЇВКА,1006,32.8835135,48.6758892
РУБЛІВКА,1007,33.3345366,49.2508316
СУДОВА ВИШНЯ,1008,23.38125,49.8000306
ХОДОВИЧІ,1009,23.9637034,49.2925356
ІЗОВ,1010,24.0581317,50.8284862
БОКСИТЫ,1011,59.9471836,60.0994885
БРЕСТ-СЕВЕРНЫЙ,1012,23.6540199,52.1113358
БРИЛІВКА,1013,33.1601521,46.4231097
ВАХИТОВО,1014,49.1099679,55.7637729
ВИСКА,1015,31.6469152,48.6338516
ГОЛЕНДРИ,1016,28.715438,49.5653934
ГОРОДЕЯ,1017,26.5380795,53.3149027
ГОРОХІВКА,1018,32.149579,46.9931904
ГУТИ,1019,35.3671657,50.140681
ЕНЕРГОДАР,1020,34.6291852,47.5029511
ЖАБИНКА,1021,24.0171607,52.2009107
КЛЕЦК,1022,26.6599487,53.0765594
КЛЕЩИХА,1023,82.8194172,54.9660527
НЕГОРЕЛОЕ,1024,27.072291,53.6070516
НОВОПОЛТАВКА,1025,32.516875,47.5355192
ПАВЛОГРАД II,1026,35.9617895,48.4942569
ПОВУРСЬК,1027,25.1328467,51.272256
ПОТОКИ,1028,33.6197834,49.1264983
СВЯТОГІРСЬК,1029,37.550344,49.0752229
СТОЛБЦЫ,1030,26.7559933,53.4827659
СЫРДАРЬИНСКАЯ,1031,68.6713952,40.8297295
ТЕКЕЛИ,1032,78.7273706,44.8630956
ТЕРБУНЫ,1033,38.2865938,52.1465046
ТОПОЛІ,1034,37.9083881,49.9602326
ЦНА,1035,41.4692877,52.6869952
ШМАНЬКІВЧИКИ,1036,25.8823064,48.9889946
ВОРОХТА,1037,24.5650089,48.2931814
ЕРАСТІВКА,1038,33.9111322,48.4377651
КАНЦЕРІВКА,1039,34.9503152,47.8413306
НЕЛЬГІВКА,1040,36.2953838,47.0438906
СЯНКИ,1041,22.9019721,49.023168
ТРУБНАЯ,1042,37.6195674,55.7691227
ОРДЖОНИКИДЗЕГРАД,1043,34.3083314,53.3145852
СУРГУТ,1044,73.3235107,61.2902063
ДЕЛЯТИН,1045,24.6165452,48.5086237
МУРАНИТНЫЙ,1046,61.3533727,56.7857852
ПЕЧОРЫ-ПСКОВСКИЕ,1047,27.6326253,57.8377728
АБАЗІВКА,1048,34.3506195,49.607995
БЕРЕГОВЕ,1049,22.6304268,48.2030127
СЛОБОДСКОЕ,1050,50.1806675,58.7190221
ЧОВЬЮ,1051,50.774674,61.7302152
ЗАМЧАЛОВО,1052,40.0689852,48.1166533
КИНЕЛЬ,1053,50.6332156,53.2307058
КУРУНДУС,1054,84.7787127,55.0566548
МАЛИНОВКА,1055,87.2748928,53.4094922
МЕРЕТЬ,1056,86.315822,54.5021484
МОСКОВКА,1057,73.4856208,54.9353207
СВІТЛОДАРСЬКЕ,1058,38.170108,48.461619
БУДИ,1059,36.0213566,49.8897688
ВОДЯНА,1060,35.3675771,49.9272892
ЛАННА,1061,35.2240687,49.3611579
МАЛИНСЬК,1062,26.5500468,51.0951181
ОДНОРОБІВКА,1063,35.8591628,50.4175445
ВИСОКОПІЛЛЯ,1064,33.5297059,47.483394
ЗАНЕВСКИЙ ПОСТ,1065,30.5063852,59.9394341
ЗУСТРІЧНИЙ,1066,35.0201743,48.3996957
КАЗЫКУРТ,1067,69.6680239,42.2785268
КЛЮЧАРКИ,1068,22.6415165,48.4091895
КОТЛЯРЕВЕ,1069,32.1805995,46.8660612
КРАСНОЕ ЗНАМЯ,1070,28.2022094,54.0385551
ЛОЦКИНЕ,1071,32.3769768,47.2047919
МОХОВЫЕ ГОРЫ,1072,44.0737929,56.3566478
НАСВІТЕВИЧ,1073,38.4080602,48.9422809
НЕВА,1074,30.4953264,59.8892094
НОГИНСК,1075,38.4435521,55.8507702
ОБНИНСКОЕ,1076,36.6182042,55.0921669
ПИСЬМЕННА,1077,35.8047395,48.2031141
ПОТУТОРИ,1078,24.9814329,49.3770223
ТУРКЕСТАН,1079,68.2132153,43.2859103
ФАНИПОЛЬ,1080,27.3350946,53.7447071
ЯВОРІВ,1081,23.4042095,49.9619524
ГУТНО,1082,25.3649248,53.9174365
ДНІСТРЯНСЬКА,1083,24.0681304,49.423119
ЖАНАТАС,1084,69.7286515,43.560801
КУБЛИЧ,1085,29.6469791,48.6738456
ЛУПОЛОВО,1086,30.4040598,53.8769585
МОЛОДЕЧНО,1087,26.8382767,54.3161989
МУРТАЗОВО,1088,44.1315611,43.4814268
НОВОЗОЛОТАРІВКА,1089,38.2746573,48.8661032
РУМИНО,1090,30.4601097,54.4402331
СТАРЫЕ ДОРОГИ,1091,28.2695073,53.0407932
ВЕРБА,1092,25.5957636,50.2808198
ЗЫРЯНОВСК,1093,84.2572072,49.7891434
ПСЕЛ,1094,35.5819163,51.0814097
РУДКИ,1095,23.4985853,49.6412631
ШАГОЛ,1096,61.2888623,55.2366461
ШЕМОНАИХА,1097,81.880532,50.6222117
ВЕКОВКА,1098,40.8038727,55.4997026
ЗЛАТОУСТ,1099,59.7178086,55.1981178
КЫЗЫЛЖАР,1100,69.6556725,48.2988602
ЮДИНО,1101,48.8950479,55.815124
КИНЕШМА,1102,42.1442111,57.4412018
КОМАРНО,1103,23.6800356,49.6577483
МУРАШИ,1104,48.9636585,59.3968627
СТЕБНИК,1105,23.546605,49.2957369
РАХІВ,1106,24.2089093,48.0546332
АБАКАН,1107,91.4404048,53.7144527
БЕРНИКИ,1108,37.2474649,54.2888971
ДАЧНЕ,1109,25.4026938,50.8092773
КАРПОВЕ,1110,30.3326589,46.6872408
СІОНІТНИЙ,1111,37.5651861,47.3279474
ТЕКЕСУ,1112,69.6593021,42.2525534
ШУВАКИШ,1113,60.4814285,56.9205226
ТУРКА,1114,23.0244532,49.1522518
ЯБЛОНКА,1115,22.9584249,49.1182966
ГЛУБОКОЕ,1116,27.6715303,55.1329347
ЛАГЕРНАЯ,1117,49.0117546,55.8013106
ТРОЯНІВКА,1118,25.3374987,51.2884967
КОЗАЧА ЛОПАНЬ,1119,36.1940063,50.3346388
УДОБРИТЕЛЬНАЯ,1120,36.9751156,51.8705698
АБАГУР-ЛЕСНОЙ,1121,87.2521753,53.7258594
ЗЮРЗЯ,1122,57.8522024,56.6640676
ИШИМ,1123,69.5121691,56.1120195
ОРША-ЦЕНТРАЛЬНАЯ,1124,30.3762318,54.5207406
СУХИНИЧИ-ГЛАВНЫЕ,1125,35.3178177,54.0873688
ВЯЗЬМА-НОВОТОРЖСКАЯ,1126,34.3202721,55.2264239
ЧИТА I,1127,113.4577632,52.0345134
ТИМКОВЕ,1128,32.8300524,48.0531022
СКАЧКИ,1129,42.9954782,44.0501259
ПОСТАВЫ,1130,26.857599,55.1233039
СЕРНЫЙ ЗАВОД,1131,65.2639947,39.1917261
ТЕМИРТАУ,1132,72.927106,50.0787545
ВОЖОЙ,1133,53.4515099,56.8713312
БУЛУНГУР,1134,67.2661662,39.763479
ИЖОРЫ,1135,30.5627544,59.8078421
КОЙДАНОВО,1136,27.1589871,53.682585
ОРША-ВОСТОЧНАЯ,1137,30.4018903,54.5063136
УРЕЧЬЕ,1138,27.9085675,52.9522303
УССУРИЙСК,1139,131.9812354,43.8015983
ШУШАРЫ,1140,30.3884693,59.8057985
БИЙСК,1141,85.1798166,52.5355498
МОРШАНСК,1142,41.7657914,53.4414569
СЕНКЕВИЧІВКА,1143,25.0296056,50.5266808
БАХМАЧ-КИЇВСЬКИЙ,1144,32.7986838,51.1809986
НЯНДОМА,1145,40.2061634,61.6620385
РАТМИРОВИЧИ,1146,28.9559827,52.7749669
РОГАЧЕВ,1147,30.0509921,53.0934953
ЯВЕНГА,1148,40.1571482,60.6066777
КОКУРИНО,1149,45.8910403,51.4487548
КУНХОДЖА,1150,58.3481701,43.1098597
ОСТРОГ,1151,26.4939039,50.4370734
ПОЛЕВСКОЙ,1152,60.3118032,56.4396894
ФОКИНО,1153,34.4021382,53.4426141
НОВОЧУГУЕВКА,1154,133.8327147,44.2230667
БАРАНОВИЧИ-ПОЛЕССКИЕ,1155,26.0422843,53.1291924
ВЕРХНЕКАМСКАЯ,1156,52.4455948,59.5951642
КАШПИР,1157,48.4091091,53.0625447
ЛЕНА-ВОСТОЧНАЯ,1158,105.9513221,56.808623
ГУСЬ-ХРУСТАЛЬНЫЙ,1159,40.6502239,55.6187235
КАРАНЬ,1160,37.647017,47.4624952
ГРИВНО,1161,37.5268085,55.3566852
ЩЕРБИНКА,1162,37.5621844,55.5101252
ВЕЛЬСК,1163,42.0866482,61.0634255
КОММУНАРЫ,1164,32.0596398,53.3781283
РЫБНОЕ,1165,39.5034765,54.7306791
САМІЙЛІВКА,1166,36.2231264,48.7695591
БУРУЛ,1167,71.3955206,42.9345187
ЛУЖЕСНО,1168,30.1123537,55.2553472
ЛЮБЕРЦЫ II,1169,37.9333995,55.6726546
УПА,1170,37.0492348,54.2070958
АНТРОПШИНО,1171,30.4269791,59.6413042
ГЛИБОКА-БУКОВИНСЬКА,1172,25.9337211,48.0799502
МАРКІВЦІ,1173,24.7882633,48.8194979
ОБІЛЬНА,1174,35.3257005,46.9342132
ПИТКЯРАНТА,1175,31.4622454,61.5739574
РАЧА,1176,29.2793315,51.3524155
СТАНИШІВКА,1177,28.7912175,50.2033274
ПАВЛОДАР-ЮЖНЫЙ,1178,77.0619112,52.2049761
УРАЛЬСК,1179,51.3697701,51.228799
ХАБАРЫ,1180,79.6636627,53.7626582
ШИПУНОВО,1181,82.2606418,52.216084
ВХОДНАЯ,1182,73.1890326,54.9453462
ДРУЖИНИНО,1183,59.5177801,56.790739
КРАСНОУФИМСК,1184,57.7582246,56.5980643
ГУБАХА,1185,57.5623332,58.8682044
БЕЛЫЙ ЯР,1186,85.0421767,58.4094663
ВОХТОГА,1187,41.0545116,58.8078919
УША,1188,27.0664862,54.2529589
ГОЛОВАШІВКА,1189,34.5728951,50.9746756
МОЛОЧАНСЬК,1190,35.6150138,47.2032372
ЄЛИЗАВЕТІВКА,1191,36.402227,46.9478471
ПОДГОРНОЕ,1192,39.6406132,50.4017453
БРУЗГИ,1193,23.6666414,53.5555355
ВІЛЬЧА,1194,29.4380677,51.3615725
ИРБИТ,1195,63.0444972,57.6713976
КИЇВ-ТОВАРНИЙ,1196,30.5035278,50.4299892
КРАСНОКАМСК,1197,55.7713183,58.0747895
КУПАВНА,1198,38.1210763,55.7531599
НОВИЙ АЙДАР,1199,39.0283819,48.9505617
НОВОСЕЛИЦЯ,1200,26.280836,48.2242703
СНЯТИН,1201,25.505161,48.4293241
ТІК,1202,33.9256602,47.6329008
БЕРЕСТОВЕНЬКИ,1203,35.5964858,49.4865776
ЗОЛОТАЯ СТЕПЬ,1204,46.7887008,51.2817931
ЧКАЛОВО,1205,70.3658525,53.4943003
ШАРБАКТЫ,1206,78.1553423,52.4848722
АГРЫЗ,1207,53.0131033,56.5254412
КАЛТАН,1208,87.2744526,53.5253551
ЛОЖОК,1209,83.3269936,54.562004
МАЙ-КУДУК,1210,73.1302338,49.8179326
ВАСИЛЕВИЧИ,1211,29.8275504,52.2552364
ГОРОДОК,1212,30.0050655,55.470884
СИТНИЦА,1213,27.4070002,52.2084416
АЛТИНІВКА,1214,33.220025,51.4526648
ЖЕЛАННА,1215,37.4268492,48.2108069
КРУПЕННИКОВО,1216,39.3650936,50.9893591
ГОРНОСТАЇВКА(ЕКСП.),1217,31.1519795,52.0533033
ЗБОРІВ,1218,25.132761,49.6917701
БОРЩІ,1219,29.4930527,47.8661453
ГАЙЧУР,1220,36.1263558,47.829767
ЛАНТРАТІВКА,1221,38.2880457,49.9240505
ПИШКІВЦІ,1222,25.4410721,49.0669047
СКОЧИЩЕ,1223,29.3845604,50.1007005
СОЛІДАРНИЙ,1224,38.6155953,49.7847299
ТРЕПІВКА,1225,32.3671602,48.6851311
ХИРІВ,1226,22.8508269,49.531664
БОРОМЛЯ,1227,34.8773497,50.6509491
ГЕНІЧЕСЬК,1228,34.7738793,46.1735578
МАКСИМІВКА,1229,35.7009912,50.0896034
СТЕПОК,1230,29.101276,50.1381776
ДУКЛЯ,1231,29.5074956,48.6024304
ХОРОБИЧІ,1232,31.4918951,52.0303443
НОВОГУПАЛІВКА,1233,35.4854484,48.0244904
КАРАПЧІВ,1234,25.8411896,48.094397
ВЕЛИКИЙ БЕРЕЗНИЙ,1235,22.4579609,48.8982807
КОСТРИЖІВКА,1236,25.7188168,48.6441224
МАРДАРІВКА,1237,29.7390548,47.5364027
НЕДАНЧИЧІ,1238,30.6370391,51.5117452
БІРКИ-ВЕЛИКІ,1239,25.7552394,49.5308334
ВАДИМ,1240,33.5981705,46.1820231
ГУЛІВЦІ,1241,28.5915291,49.4864988
РЕНІ,1242,28.2647756,45.4586931
ТАРНАВЩИНА,1243,33.1555368,49.9870205
КУЛИКІВ,1244,24.0421533,49.9901738
УКРАЇНСЬКА,1245,35.006942,47.0334815
МОКВИН,1246,26.5161123,50.9864004
КУДАШІВКА,1247,34.0494985,48.2730444
ЯНПІЛЬ,1248,33.74447,51.9106373
ОВАДНЕ,1249,24.3852968,50.9282706
ЗАБОЛОТІВ,1250,25.3073499,48.4737191
КРОПИВНИЦЬКА,1251,31.5257747,48.1178675
ЙОСИПІВКА,1252,30.7320397,48.2471806
МАГЕДОВЕ,1253,36.5095539,47.4324403
ГАДИНКІВЦІ,1254,25.9021112,49.0490094
АСЛАНОВЕ,1255,37.5811016,47.2463205
КОПАНІ,1256,32.3090898,46.8088912
ЗАПИТІВ,1257,24.2232419,49.9203563
КАМІНЬ-КАШИРСЬКИЙ,1258,24.960446,51.605395
СІЛЬЦЕ,1259,26.6931879,50.3169232
ВЕРЕНЧАНКА,1260,25.7514627,48.5412522
ОБЩА,1261,35.6598807,47.6697466
СТЕФАНЕШТИ,1262,25.6867109,48.6176781
БУРУНДАЙ,1263,76.8590362,43.3577319
ЖЕТЫ-СУ,1264,77.0161793,43.4244861
ОМСК-СЕВЕРНЫЙ,1265,73.4396691,55.0301006
СЕРГЕЛИ,1266,69.2467832,41.2041029
КУНЦЕВО II,1267,37.3924879,55.7297909
БИШКЕК I,1268,74.5517259,42.8663624
ХАМЗА,1269,69.3070205,41.2674583
ГРОЗНЫЙ,1270,45.6857454,43.3082631
БАТАЙСК,1271,39.7555624,47.1382349
ВНУКОВО,1272,37.2695467,55.6488591
ВОЛКОВСКАЯ,1273,30.3604481,59.8965111
КОЛЬЦОВО,1274,60.8193298,56.7617259
ЭЛЕКТРОУГЛИ,1275,38.2023378,55.7301237
ИНЯ-ВОСТОЧНАЯ,1276,83.0041241,55.110203
КАЛЕДИНО,1277,26.8107916,54.2991826
ЛИОЗНО,1278,30.795764,55.0135589
НОВОЕЛЬНЯ,1279,25.5865558,53.4639349
СЛУЦК,1280,27.5226926,53.0139634
НУКУС,1281,59.6428946,42.4377086
ВИЛЕЙКА,1282,26.9293766,54.5025154
КОЛОДИЩИ,1283,27.7749292,53.9454227
АЛМАТЫ 1,1284,76.949022,43.3409962
БЕЛЫЕ СТОЛБЫ,1285,37.8505669,55.3338527
СОРОКОВАЯ,1286,71.5626741,51.1435205
АКАЛТЫН,1287,68.7312788,40.6052767
ТИТАН,1288,33.6249937,67.5613817
ТАШКЕНТ-ТОВАРНЫЙ,1289,69.3046491,41.2977246
АЛАМЕДИН,1290,74.6542835,42.8679601
СЕМЕЙ,1291,80.2628247,50.4319482
ШЫМКЕНТ,1292,69.6101683,42.2988164
МЕДЕУ,1293,76.9980769,43.3853127
САЛАР,1294,69.3137243,41.3229129
КОРГАСЫН,1295,69.543892,42.3145835
НОВОСИБИРСК-ЗАПАДНЫЙ,1296,82.8545317,54.9952899
СРЕДНЕВОЛЖСКАЯ,1297,50.2878447,53.2336037
АНОСОВО,1298,59.6027968,55.1926569
КЕЛЕС,1299,69.2058988,41.4068326
КЛИМОВИЧИ,1300,31.9241193,53.6076759
ПОЛОЦК,1301,28.7826908,55.4918872
ПУХОВИЧИ,1302,28.1426319,53.5100427
БАРНАУЛ,1303,83.7568903,53.3512286
УРГЕНЧ,1304,60.632,41.5364345
МИХАНОВИЧИ,1305,27.688072,53.7461263
ОЧАКОВО I,1306,37.4513867,55.6836848
ЕЛЬШАНКА,1307,44.459912,48.6681762
ИЖЕВСК,1308,53.189904,56.8019056
ЙОШКАР-ОЛА,1309,47.8799295,56.6217174
ЛЕПЕЛЬ,1310,28.6910457,54.8754387
АЛЕКСАНДРОВ,1311,38.7029684,56.3972452
КОТЛАБУХ,1312,28.9766051,45.6269666
БОГДАНОВИЧ,1313,62.0502673,56.7776453
ЄНАКІЄВЕ,1314,38.2000702,48.2264961
ФАЯНСОВАЯ,1315,34.374944,54.0651054
ВОРСИНО,1316,36.6678618,55.2409837
КОЛПИНО,1317,30.6145285,59.7497657
КУМЕРТАУ,1318,55.7769683,52.7744107
ТИТАРОВКА,1319,39.0106299,45.2486726
СТАЛЬНОЙ КОНЬ,1320,36.1333888,53.0372419
КСТЫ,1321,28.7203837,55.4537991
БАЛАБАНОВО,1322,36.6624304,55.1788955
СМЫШЛЯЕВКА,1323,50.3839832,53.259944
УАЗ,1324,61.9451451,56.35421
ВЕРБИЛКИ,1325,37.5599948,56.538964
ВОРОТЫНСК,1326,36.0410316,54.4667878
ГЖЕЛЬ,1327,38.4455544,55.6092658
КАБЕЛЬНАЯ,1328,56.3035477,58.0964746
КАМЫШЛОВ,1329,62.7129415,56.8487633
КАШИРА-ПАССАЖИРСКАЯ,1330,38.1894076,54.8576831
КРАСНОПІЛЛЯ,1331,35.2579406,50.7831363
КРАСНЫЙ БОР,1332,31.9064898,54.8006108
ЛОБНЯ,1333,37.4848612,56.0135105
РОСТОВ-ТОВАРНЫЙ,1334,39.7479405,47.2448234
СТУПИНО,1335,38.0789616,54.9090262
СЫЗРАНЬ-ГОРОД,1336,48.4747574,53.1503239
ЧЕБОКСАРЫ,1337,47.2644858,56.1131532
ЮЖНОУРАЛЬСК,1338,61.2666507,54.4609583
ГОЛИЦЫНО,1339,36.9865326,55.615175
ОДИНЦОВО,1340,37.2818162,55.6719892
ВОРОНЕЖ-КУРСКИЙ,1341,39.1762191,51.6719037
МИХНЕВО,1342,37.9607392,55.1208657
ОБИДИМО,1343,37.4679978,54.287532
ДЖАМБАЙ,1344,67.0988411,39.6989106
АНГРЕН,1345,70.1371964,41.0188138
МИРСКАЯ,1346,40.4042602,45.5373809
ДАГЕСТАНСКИЕ ОГНИ,1347,48.2051893,42.1221646
ТОЛОКОНЦЕВО,1348,43.9818719,56.4054001
КРАСНЫЙ СТРОИТЕЛЬ,1349,37.615322,55.5903775
ТОЛСТОПАЛЬЦЕВО,1350,37.1868524,55.6078207
ДОМОДЕДОВО,1351,37.7727528,55.4407447
ЖДАНКА,1352,38.1119578,53.7788408
КОБРИН,1353,24.3455268,52.223623
КУДРИНСКАЯ,1354,35.5431326,54.2503761
МАКЛЕЦ,1355,38.1431239,54.0717896
МАРК,1356,37.5382527,55.9045015
ПЕТЕЛИНО,1357,36.8240988,55.6026574
ПЛЕХАНОВО,1358,37.5573083,54.2356554
САХАНСКАЯ,1359,35.9333152,52.926465
СЕРПУХОВ,1360,37.4518444,54.9347142
СОЛНЕЧНАЯ,1361,39.7551228,47.2405707
ТИХОНОВА ПУСТЫНЬ,1362,36.1520061,54.6404797
ШАХОВСКАЯ,1363,35.5117388,56.0299949
ЯРЦЕВО,1364,32.651901,55.0663808
ДОБРУШ,1365,31.3202507,52.3986188
ПУСТЫНЬКА,1366,30.8426625,59.6603706
БОКИНО,1367,41.4412243,52.6472171
ГОРБАЧЕВО,1368,37.131028,53.6000132
ДУБРОВКА,1369,37.6755698,55.7192118
ДЬЯКОНОВО,1370,35.9566158,51.6480968
ПОЧИНОК,1371,32.4425233,54.4061035
ПХОВ,1372,29.236289,52.0861351
ТАРУССКАЯ,1373,37.4008243,54.73512
ДАШУКІВКА,1374,30.7482905,49.2847592
МИНСК-СЕВЕРНЫЙ,1375,27.5261869,53.9051886
ПАВЛОВСКИЙ ПОСАД,1376,38.6746496,55.7758271
РЯБОВО,1377,31.1261617,59.416779
ТВЕРЬ,1378,35.8929604,56.8351458
ГОТНЯ,1379,35.7738609,50.7947167
КОМСОМОЛЬСК-НА-АМУРЕ,1380,136.9896578,50.5524701
ПОДКЛЕТНОЕ,1381,39.0596062,51.6853212
БРЮХОВИЧІ,1382,23.9392311,49.9036629
ШАРТАШ,1383,60.6485009,56.8293519
МЫТИЩИ,1384,37.7617421,55.9148226
НОВОСМОЛЕНСКАЯ,1385,32.1025309,54.7835976
ПАВШИНО,1386,37.3395149,55.8148976
МАНИХИНО I,1387,36.9295199,55.8906721
ЧЕРНЯНКА,1388,37.8147066,50.9382376
ОРША-ЗАПАДНАЯ,1389,30.3750801,54.5042921
РУМЯНЦЕВО,1390,36.541646,55.973507
АЛЕКСИН,1391,37.0778418,54.4993785
МЦЕНСК,1392,36.5660597,53.2937453
ПОЗДИНО,1393,49.697516,58.4952036
БЫКОВО,1394,38.0712553,55.6266127
КОЗЛОВКА,1395,32.8289435,53.9892732
ЛАБЫТНАНГИ,1396,66.4044249,66.6525203
БАРАБОЙ,1397,30.5241183,46.2535915
ГЛАЗОВ,1398,52.6696263,58.1324574
КОРШУНОВО,1399,82.7728249,50.0223122
ШПАЛОПРОПИТКА,1400,44.5844056,48.5245043
БАГУЛЬНАЯ,1401,101.4460511,56.124348
ОЗЕРИЩЕ,1402,27.7169923,53.9326643
КІЦМАНЬ,1403,25.7767606,48.4362449
ЛОКОМОТИВСТРОЙ,1404,40.0691879,47.4837429
БУЗУЛУК,1405,52.2704393,52.7685441
ВАДУЛ-СІРЕТ(ЕКСП. БДЖ),1406,25.9599828,48.0236496
ТИХВИН,1407,33.5047731,59.6365007
ТАРНОВИЦЯ,1408,24.6139802,48.6894406
БАЛАШИХА,1409,37.9484675,55.8094209
БЕЗЫМЯНКА,1410,50.2476557,53.212475
ГОЛУТВИН,1411,38.8051185,55.0859521
ИВАНТЕЕВКА,1412,37.9392583,55.9647907
КОНОКОВО,1413,41.3304082,44.842689
МАЛОЯРОСЛАВЕЦ,1414,36.4809201,55.007735
ОРАНЧИЦЫ,1415,24.5230159,52.4704957
ПРЕДПОРТОВАЯ,1416,56.1109927,58.0099882
ТРАКТОРСТРОЙ,1417,61.4747151,55.1509516
УГОЛЬНАЯ,1418,84.8213662,56.6240793
КУТУЗОВО-НОВОЕ,1419,20.5322576,54.7461698
МАРЦЕВО,1420,38.8839581,47.2629567
ПАШКОВСКАЯ,1421,39.1230481,45.0447242
НОВОКУЗНЕЦК-ВОСТОЧНЫЙ,1422,87.1764875,53.7256718
МАСЛОВКА,1423,39.2463332,51.562362
ПОЗИМЬ,1424,53.2493353,56.8248936
СЕЯТЕЛЬ,1425,83.0775803,54.8685235
ТЕКСТИЛЬНЫЙ,1426,40.8906627,56.9983061
КАКИР,1427,71.0467706,40.4812182
ЗЛОБИНО,1428,92.9516804,55.9984467
КАМЕНСКАЯ,1429,40.2586963,48.3294497
ЛИГОВО,1430,30.1808245,59.8232844
ОРЕНБУРГ,1431,55.0744334,51.7763659
КОРОТЧАЕВО,1432,78.1777391,65.9302013
ЛИПЕЦК,1433,39.5698142,52.6239198
СТОЛБОВАЯ,1434,37.4937222,55.2487421
КАМЫШИН,1435,45.4160321,50.0928888
ОЖЕРЕЛЬЕ,1436,38.2729065,54.8015447
НЕВЬЯНСК,1437,60.1830494,57.4915024
СУРГУТ-ПОРТ,1438,73.2646307,61.2581688
УКТУС,1439,60.6253119,56.7778334
БЕТОННАЯ,1440,44.4097136,48.7651099
ВЕЛИЧКОВКА,1441,38.7049338,45.4622728
МЫШАСТОВКА,1442,39.038851,45.3383427
КОМУНАРСЬК,1443,38.7769769,48.4833406
ГЛАЖЕВО,1444,32.1059841,59.6557619
ТИХОРЕЦКАЯ,1445,40.1180832,45.8492942
ЛЮБЕРЦЫ I,1446,37.896703,55.68249
ЛЫСЬВА,1447,57.7810362,58.1118126
УРЖУМКА,1448,59.7678774,55.1174437
СЕЛЯТИНО,1449,36.9675213,55.5166849
ЗВЕНИГОРОД,1450,36.8794167,55.7002071
КОМАРИЧИ,1451,34.7842601,52.4155034
МОЖАЙСК,1452,36.0326381,55.4941907
ЖЕЛЕЗНОДОРОЖНАЯ,1453,38.0082811,55.7524589
АЭРОПОРТ,1454,37.5331563,55.8004021
КУБИНКА II,1455,36.7272762,55.6013675
НУЯ,1456,45.8530388,54.4497281
АФИПСКАЯ,1457,38.8338072,44.89096
БУГАЧ,1458,92.7627782,56.0425224
НОВОРОССИЙСК,1459,37.7748777,44.7353935
ПРОТОКА,1460,38.1452847,45.2334973
МИЛОХОВО,1461,32.7867207,55.0682233
СЕБРЯКОВО,1462,43.245941,50.072121
БЫХОВ,1463,30.2309659,53.5154237
КАДЫРЬЯ,1464,69.4220984,41.3731838
МОСПИНЕ,1465,38.0750385,47.8820919
СКИДЕЛЬ,1466,24.2240538,53.5720371
ШКЛОВ,1467,30.2775532,54.2190209
ЗАРЕЧНАЯ,1468,43.9277795,56.2851552
ТОМСК II,1469,84.9983485,56.5067379
ЯЛАНГАЧ,1470,69.3867897,41.3647615
РОЖАНКА,1471,24.7895682,53.5581466
ХОТУНОК,1472,40.0950484,47.441945
САМАРА,1473,50.1213009,53.1856845
ШЕТПЕ,1474,52.1676991,44.1382033
АССАКЕ,1475,72.2058748,40.6554439
КОСТОМУКША-ТОВАРНАЯ,1476,30.7891137,64.6320889
ОЛЕНЕГОРСК,1477,33.3128658,68.1361143
ДИМИТРОВГРАД,1478,22.7675165,43.0118835
НОВОБОРИСОВКА,1479,35.9241452,50.5836334
КАРАБУЛА,1480,97.3270304,58.0747002
СУРСЬКЕ,1481,34.9085497,48.3317986
УСТЬ-ЛАБИНСКАЯ,1482,39.6923149,45.2232473
КОЛЮТКИНО,1483,61.1839624,56.6419362
ПАВЛОДАР-СЕВЕРНЫЙ,1484,76.8904629,52.3346327
АЛДАН,1485,125.4054259,58.5978128
БОЛЬШАЯ ВОЛГА,1486,37.1366621,56.7269029
БЕКАБАД,1487,69.2276858,40.2144772
НОЧКА,1488,46.1051828,53.8821734
КУНАРА,1489,62.0446162,56.8894402
АНТРАЦИТ,1490,39.0828648,48.107813
БЕЛЗ,1491,24.0216582,50.3887268
КИРОВ-КОТЛАССКИЙ,1492,49.6439695,58.6060914
ОШМЯНЫ,1493,26.0809595,54.5314076
ДОСКИНО,1494,43.7576118,56.2646229
СТЕРЛИТАМАК,1495,55.9504121,53.6328378
ХАНАКА,1496,68.5424294,38.5316747
ПЕТРОПАВЛОВСК,1497,69.1703807,54.8563935
СЕРГИЕВ ПОСАД,1498,38.1368664,56.3019894
ДЗЕРЖИНСК,1499,43.4544811,56.228158
ТОЛОЧИН,1500,29.7531124,54.4023634
МИЧУРИНСК-УРАЛЬСКИЙ,1501,40.496453,52.8987504
НИЖНЕУВЕЛЬСКАЯ,1502,61.3646212,54.4441682
ВОЙСКОВИЦЫ,1503,29.9747503,59.5281053
СТРОЙКА,1504,37.8627273,55.7802311
ЧАУСЫ,1505,30.9280372,53.7812923
ШЕРШНИ,1506,61.3667564,55.1033929
ВЕРХНЯЯ САЛДА,1507,60.5202801,58.0505425
ТИМКОВИЧИ,1508,27.0324149,53.086543
ЗАУДИНСКИЙ,1509,107.6797187,51.8241569
ДЖАРКУРГАН,1510,67.4044836,37.5014016
НОВОЗЫБКОВ,1511,31.9478088,52.5232942
ТЕЛЕГИНО,1512,38.3697131,52.6977849
ДОЛГУШИНО,1513,49.732572,58.6397802
ЛЕНА,1514,105.7454386,56.7819717
САМАРКА,1515,50.2944917,53.2112578
НОВЫЕ ПОЛЯНКИ,1516,45.0770846,54.0715005
НАМАНГАН,1517,71.6423932,40.999027
ЕЛИЗОВО,1518,28.9917414,53.4005672
МАТВЕЕВ КУРГАН,1519,38.8590708,47.5651939
ДЯТЬКОВО,1520,34.3240531,53.6100316
ЛЕСОСИБИРСК,1521,92.4709433,58.2290061
НОВОИЕРУСАЛИМСКАЯ,1522,36.8225017,55.9116927
ЕРМИЛОВО,1523,28.7746546,60.36928
ВТОРАЯ РЕЧКА,1524,131.9046267,43.1640692
КУТУМ,1525,48.0511261,46.3260594
МАХАЧКАЛА,1526,47.5042202,42.9873858
ПАВЛОВСК,1527,30.4328102,59.693566
САРЕПТА,1528,44.5119345,48.5194985
ПАРОХОНСК,1529,26.4097635,52.2480368
ЧАШНИКИ,1530,29.1404794,54.834083
ПРУДЫ,1531,29.0344176,61.0127561
ТАМАНЬ,1532,36.9929052,45.2807477
НАЛЬЧИК,1533,43.6160455,43.4912162
ВОЛГОДОНСКАЯ,1534,42.1611155,47.5175844
БУЖАНИНОВО,1535,38.3079348,56.3918671
КЕНДЕРИ,1536,49.2655089,55.9005562
ОБСКАЯ,1537,66.2349538,66.7196317
НОВОУФИМСКАЯ,1538,56.0946036,54.859622
НЕВДУБСТРОЙ,1539,31.0132917,59.8553169
ВОРКУТА,1540,64.0268611,67.4701995
ГАЙ,1541,58.4338523,51.4730908
СОЛОМБАЛКА,1542,40.5602722,64.6151486
ФРЯЗЕВО,1543,38.4649914,55.7323513
ЕНИСЕЙ,1544,92.8416014,55.9800045
МАЛОРИТА,1545,24.0862386,51.7943089
АТЫРАУ,1546,51.9568429,47.1294884
АНАПА,1547,37.3182804,44.9505302
ИСКИТИМ,1548,83.295355,54.6425444
ШАРДАНОВО,1549,43.9586619,43.7920218
НОВОСАДЫ,1550,28.6978668,54.2507066
АВТОВО,1551,30.2609658,59.8665723
СТАВРОПОЛЬ,1552,42.0000824,45.0554794
БУХТАРМА,1553,83.6110377,49.6217625
ПРИТОБОЛЬСКАЯ,1554,62.7721775,52.6262798
СТАРЫЙ ОСКОЛ,1555,37.8553942,51.3131494
ШЕЛАНГЕР,1556,48.2485254,56.2201557
МИАСС I,1557,60.1111586,55.0335503
КАВКАЗСКАЯ,1558,40.571189,45.4355018
МОТЫКАЛЫ,1559,23.5818418,52.208348
ДЖЕБЕЛ,1560,25.3908691,41.5651236
САРАТОВ-ПОРТ,1561,45.9830938,51.504922
ВЛАДИМИР,1562,40.4203306,56.1298974
ВИНЗИЛИ,1563,65.7786989,56.9693924
ИШАНОВО,1564,85.9696697,55.3223034
СБОРНАЯ-УГОЛЬНАЯ,1565,38.2947496,53.9917366
ВЛОДАВА,1566,23.6123493,51.5513591
ЦЕЛИНА,1567,41.0323377,46.539418
ЕРОПКИНО,1568,36.3102997,52.7405197
ЛУХОВИЦЫ,1569,39.0419498,54.9825692
НАХАБИНО,1570,37.1849447,55.8415749
ЧЕХОВ,1571,141.9759625,47.439465
САФОНОВО,1572,33.2478418,55.1056937
САХТЫШ,1573,40.5528604,56.8027289
ЯГІЛЬНИЦЯ,1574,25.7341227,48.9333977
КАНАШ,1575,47.4772373,55.5105206
ТРУСОВО,1576,47.9511,46.3426381
ПРЯЖІВ,1577,28.7059881,50.1759097
БІЛЬМАНКА,1578,36.4899514,47.2652159
СІМЕЙКИНЕ-НОВЕ,1579,39.6142636,48.3455898
ВИЖНИЦЯ,1580,25.192941,48.2492112
ДУБРИНИЧІ,1581,22.4876095,48.8096068
ІЗМАЇЛ (ЕКСП.),1582,28.812532,45.3600096
ІЗОВ (ЕКСП. ПКП),1583,24.059367,50.828474
ІЛАРІОНОВЕ,1584,35.279489,48.40664899999999
ІМ. БОРИСА ОЛІЙНИКА,1585,31.66485,51.36696
ІМ.ТАРАСА ШЕВЧЕНКА,1586,31.8971065,49.2020265
АДАМПІЛЬ,1587,27.67146,49.6683
АЛИТУС,1588,23.9823629,54.3989472
БІЛГОРОДКА,1589,30.226897,50.389457
БАЛИН,1590,26.6346,48.90661
БАТЬОВО (ЕКСП. МАВ),1591,22.3862198,48.3616037
БАХМУТ,1592,37.9864483,48.5913459
БАХМУТ I,1593,37.9864483,48.5913459
БЕЛОРЕЦК,1594,58.3218554,53.9270817
БЕНДЕР II,1595,29.475529,46.8428193
БЕРЕЖЕСТЬ (ЕКСП.),1596,28.951716,51.470004
БЕСКИД,1597,23.3261828,48.7615191
БОРЖОМИ,1598,43.4097794,41.8476344
БРЭТУШЕНЬ,1599,27.749496100000002,47.6785501
БУДЕННОВСК,1600,44.1462695,44.7859111
БУСЛОВСКАЯ (ЭКСП.),1601,28.4119741,60.8185551
БЭЛЦЬ-ОРАШ,1602,27.9102789,47.7610154
ВАЗИАНИ,1603,45.0345558,41.6293184
ВАСИЛЬКІВ I,1604,30.2255802,50.2255111
ВАСИЛЬКІВ II,1605,30.3190642,50.1724755
ВЕНТСПИЛС,1606,21.5934664,57.3915845
ВЕЧІРНИЙ КУТ,1607,33.4281881,47.996036
ВОССТАНИЕ,1608,49.08061,55.84250609999999
ГЕРСЕВАНІВСЬКИЙ,1609,36.32928200000001,49.03182899999999
ГИНДЕШТЬ,1610,28.3787999,47.8608
ГОМЕЛЬ,1611,30.9913279,52.4308501
ГРУШКИ,1612,30.240314,48.32505
ДАУГАВПИЛС,1613,26.5330124,55.8721328
ДНІПРОБУД II,1614,35.02558,47.8101625
ДОНДУШЕНЬ,1615,27.6091,48.23539
ДРАУГИСТЕ,1616,21.2112481,55.64612080000001
"ДРАУГИСТЕ (ПОРТ, ЭКСП).",1617,21.2112481,55.64612080000001
ДРОКИЯ,1618,27.8099201,48.03077
ДУБНО,1619,25.75276,50.38653
ЕКАТЕРИНБУРГ-ТОВАРНЫЙ,1620,60.5509705,56.8790833
ЖЛОБИН,1621,30.0367361,52.8903812
ЖОВТІ ВОДИ II,1622,33.49499,48.36204009999999
ЖОВТНЕВА (ЕКСП.),1623,31.967136,46.834899
ЗАБОЛОТТЯ ( ЕКСП.),1624,24.251862,51.62929099999999
ЗАДНЕПРОВСКАЯ,1625,35.039596,47.823257
ЗАЛЮТИНЕ,1626,36.161449,49.967323
ЗАПОРІЖЖЯ I,1627,35.1875062,47.79522850000001
ЗАПОРІЖЖЯ II,1628,35.184535,47.82201
ЗАПОРІЖЖЯ-КАМ’ЯНСЬКЕ,1629,34.6462622,48.4808925
ЗЕРНОВО (ЕКСП.),1630,34.0227853,52.1838291
ЗИЕМЕЛЬБЛАЗМА (ЭКСП.),1631,24.1131501,57.0359642
КІНДРАТІВКА,1632,37.616899,48.578751
КІНДРАШІВСЬКА-НОВА,1633,39.447873,48.676664
КАЙДАЦЬКА,1634,34.986165,48.481699
КАЛИНІВКА I,1635,28.528872,49.434894
КАМ’ЯНЕЦЬ-ПОДІЛЬСЬКИЙ,1636,26.6015963,48.6880686
КАМ’ЯНСЬКЕ,1637,34.6042228,48.4974778
КИШИНЭУ,1638,28.8598706,47.01281729999999
КЛАЙПЕДА (ЭКСП.),1639,21.1348689,55.72094999999999
КЛЮЧАРКИ (ЕКСП.),1640,22.644935,48.409917
КОВШАРІВКА,1641,37.6446325,49.6526878
КОЗАЧА ЛОПАНЬ (ЕКСП.),1642,36.195167,50.335292
КОЗЯТИН I,1643,28.8302439,49.7054974
КОЗЯТИН II,1644,28.78318,49.75707
КОРОСТЕНЬ- ЖИТОМИРСЬКИЙ,1645,28.5927599,50.960908
КРАСНИЙ ШАХТАР,1646,33.30373,47.93843
КРАСНОДАР II,1647,38.9866819,45.0539464
КРАСНОЯРСК,1648,92.8298763,56.0056787
КРИВИЙ РІГ,1649,33.384342,47.880874
КРЮКІВ-НА-ДНІПРІ,1650,33.43331680000001,49.0366198
КУП’ЯНСЬК-ПІВДЕННИЙ,1651,37.6087511,49.709597
КУП’ЯНСЬК-СОРТУВ.,1652,37.645186,49.673417
КУРДЮМІВКА,1653,37.959608,48.463619
КУРЯЖ,1654,36.079242,49.976055
КУЧКУНЫ,1655,27.4548769,53.8161435
КЭУШЕНЬ,1656,29.406752,46.6507034
ЛИЕПАЯ (ЭКСП.),1657,21.0167624,56.52406250000001
ЛЬВІВ,1658,23.9937661,49.8399319
МААРДУ (ЭКСП. ЧЕРЕЗ ПОРТ МУУГА),1659,25.0160259,59.4702114
МАНГАЛИ (ЭКСП.),1660,24.1291401,57.0185063
МАРІУПОЛЬ-ПОРТ (ЕКСП.),1661,37.50663,47.062231
МАРІУПОЛЬ-СОРТУВАЛЬНИЙ,1662,37.5633199,47.20838
МИНСК-ЮЖНЫЙ,1663,27.5609314,53.8655678
МОГИЛЕВ II,1664,30.30773,53.91228
МОСТИСЬКА II,1665,23.0325224,49.8166178
МОСТИСЬКА II (ЕКСП. ПКП),1666,23.0325224,49.8166178
МУКАЧЕВО,1667,22.7116533,48.42951739999999
МУУГА (ЭКСП.),1668,24.9542019,59.4810084
НЕМИРІВ,1669,28.873608,48.980952
НИЖНЬОДНІПРОВСЬК-ВУЗОЛ,1670,35.1188875,48.4832483
НИЖНЬОДНІПРОВСЬК-ПРИСТАНЬ,1671,35.06607899999999,48.497477
НОВОГРАД-ВОЛИНСЬКИЙ I,1672,27.5931013,50.597831
ОДЕСА-ЗАСТАВА I,1673,30.6545697,46.47763080000001
ОДЕСА-ЛІСКИ,1674,30.748833,46.48554499999999
ОДЕСА-ЛІСКИ(ЕКСП.),1675,30.748833,46.48554499999999
ОДЕСА-ПОРТ (ЕКСП.),1676,30.748833,46.48554499999999
П’ЯТИХАТКИ,1677,33.7040629,48.4150192
ПАВЛОГРАД I,1678,35.856474,48.54965560000001
ПАЛЬМІРА,1679,32.15311,49.76097
ПАНЯВЕЖИС,1680,24.3607645,55.7334462
ПАНЯРЯЙ,1681,25.1783386,54.62954449999999
ПЕРЕЇЗНА,1682,38.4776521,48.897354
ПЕРСПЕКТИВНАЯ,1683,36.307091,54.5552934
ПОРОМНА-ЕКСПОРТ (РИБНИЙ ПОРТ),1684,30.670083,46.335257
ПРИДВИНСКАЯ,1685,30.2149264,55.1511807
ПРИКОЛОТНЕ,1686,37.345311,50.160215
ПРОСЯНА ІМ ПРИКЛОНСЬКОГО В В,1687,36.3722709,48.1175682
РАФАЛІВКА,1688,25.9928492,51.3065514
РИГА-КРАСТА (ЭКСП.),1689,24.0959875,56.96746520000001
РОГОЖЕНЬ,1690,28.4443,47.8328
РОЗДІЛЬНА I,1691,30.07361,46.8502
РЭУЦЕЛ,1692,27.8237,47.7195
РЯСНА II,1693,23.9381062,49.86363739999999
СКІБНЕВО,1694,26.85366,49.32418
СЛАВУТА I,1695,26.88511,50.32071999999999
СЛОВ’ЯНСЬК,1696,37.595324,48.847976
СЛОВ’ЯНСЬКИЙ КУРОРТ,1697,37.6307536,48.870832299999996
СТАРОКОСТЯНТИНІВ II,1698,27.2788967,49.733726
ТЕРЕШКІВКА,1699,33.4411311,49.170806
ТЕРМЕЗ -ПОРТ (ЭКСП.),1700,67.287356,37.2508169
ТИМАШЕВСКАЯ,1701,38.9397966,45.6295729
ТОКМАК,1702,35.7190744,47.2342798
ТРИПІЛЛЯ-ДНІПРОВСЬКЕ,1703,30.7532839,50.1398536
ТРОФИМОВСКИЙ II,1704,45.9419918,51.6019327
УДРИЦЬК (ЕКСП.),1705,26.7504101,51.74733000000001
УЖГОРОД (ЕКСП. ЖСР),1706,22.3006874,48.6094982
УНГЕНЬ,1707,27.8000071,47.2033995
ФАСТІВ I,1708,29.9302856,50.0790952
ФИЛИНО,1709,39.9331622,57.65631409999999
ХАЛЯВИН,1710,31.214996,51.597831
ХАРКІВ-БАЛАШОВСЬКИЙ,1711,36.2767679,49.9740613
ХАРКІВ-ЛІСКИ,1712,36.2365341,49.9589241
ХИМЗАВОДСКАЯ,1713,49.4904558,53.5505304
ХУДАТ,1714,48.6824101,41.6332908
ЧАДЫР-ЛУНГА,1715,28.8381778,46.0758393
ЧЕРЕПОВЕЦ II,1716,37.9257023,59.1403013
ЧЕРНІГІВ ПІВНІЧНИЙ,1717,31.248552,51.519821
ЧИШМЫ,1718,55.3950001,54.5966667
ЧОП (ЕКСП. ЖСР),1719,22.2055633,48.432477
ЧОП (ЕКСП. МАВ),1720,22.2055633,48.432477
ЧОРНОМОРСЬК-ПОРТ-ЕКСПОРТ,1721,30.636125,46.322685
ЧОРНОМОРСЬКА ( ЕКСП. ДЛЯ ТІС ),1722,30.9293866,46.58459939999999
ЧОРНОМОРСЬКА (ДЛЯ ТІС),1723,30.9293866,46.58459939999999
ШЕБЕЛИНКА,1724,36.640171,49.543744
ШЕВЧЕНКО,1725,31.8971065,49.2020265
ЯГОДИН (ЕКСП. ПКП),1726,23.895884,51.198201
ВАДУЛ-СІРЕТ (ЕКСП. ЧФР),1727,25.9599479,48.023657300000004
БІЛОЗІР’Я,1728,31.95099789999999,49.308279
БЕЗПАЛІВКА,1729,36.169903,49.590132
БЕЛЕС (РЗД),1730,51.05077559999999,51.2667929
БУЛБОАКА,1731,29.2903877,46.8893719
ВІЙТІВЦІ,1732,26.445956,49.497128
ВАСКАУЦИ,1733,27.138708,48.465725
ВЛАСІВКА,1734,35.7162969,49.592096
ВУЛКЭНЕШТЬ,1735,28.4159338,45.6857439
ГРЕЧЕНЬ,1736,28.559806,45.730003
ДВОРІЧНА,1737,37.7305801,49.852659
ДУБОВ’ЯЗІВКА,1738,33.3778584,51.1296375
ЗАОСКІЛЛЯ,1739,37.63754,49.708273
ЗОЛОТОНОША I,1740,32.0774714,49.6564714
КАБАННЕ,1741,38.21578,49.22686
КАМ’ЯНКА,1742,32.0741264,49.0470435
КАХУЛ,1743,28.1926176,45.9224717
КОСТАНАЙ,1744,63.60646740000001,53.22728720000001
МАР’ЯНІВКА,1745,26.746056,49.494859
МАЦЕЇВ,1746,24.3642941,51.240657
МЭРКУЛЕШТЬ,1747,28.2316999,47.8732
НОВОУСТЬКАМЕНОГОРСК,1748,82.65066999999999,49.9263
ОЖИДІВ-ОЛЕСЬКО,1749,24.819727,49.971908
ОРДІВКА,1750,35.9604771,49.776235
ОСИПОВИЧИ I,1751,28.6462825,53.2997984
ПЕРЕДДОНБАСІВСЬКА,1752,36.562963,49.827436
РЕДИУЛ-МАРЕ,1753,27.4926147,48.2695136
РОЖДЕСТВЕНКА,1754,37.6237078,55.76166449999999
РЫБНИЦА,1755,28.9912337,47.7666258
СОФИЯ,1756,23.3232452,42.710033
ФЛОРЕШТЬ,1757,28.30734,47.88541000000001
ЧИМИШЛИЯ,1758,28.7850045,46.5236142
БЕРЕГОВА (ЕКСП.),1759,22.6304036,48.2035703
ДАР’ЇВКА,1760,31.3552719,48.990905
КАРТАЛЫ I,1761,60.6420488,53.0532481
КИЛЬЧУГ,1762,94.6794444,55.6166667
КРОПАЧЕВО,1763,57.98487,55.0111015
ЛЕНИНСК-КУЗНЕЦКИЙ II,1764,86.17299969999999,54.6794753
ЛИНЕВО,1765,83.35413249999999,54.4391221
НОВОДРУЖІВСЬКА,1766,38.342991,48.96255799999999
НОВОКУЗНЕЦК-СЕВЕРНЫЙ,1767,87.1177125,53.746706
ПЕНЗА III,1768,45.0325809,53.184904
ПРОЕКТНАЯ,1769,86.2373662,54.5463009
ТЕРЕНТЬЕВСКАЯ,1770,86.8701296,54.0666362
ТОПОЛІ (ЕКСП.),1771,37.910595,49.960189
ТЫРГАН,1772,86.34805159999999,54.1341105
ФАЩІВКА,1773,38.61780299999999,48.271485
БИРЮЛЕВО-ТОВАРНАЯ,1774,37.653714,55.5933349
МИКОЛАЇВ-ВАНТАЖНИЙ (ЕКСП.),1775,31.9758924,46.9576791
ВИЖВА (РЗД),1776,24.427922,51.442639
ВИТЕБСК,1777,30.1858136,55.1948607
ДОБРОМИЛЬ,1778,22.814519,49.581933
ЕГОРЬЕВСК I,1779,39.0084499,55.3907177
ЛИПІВ РІГ,1780,31.9552131,51.0783739
РАВА-РУСЬКА,1781,23.6128701,50.232785
СВЕСА,1782,33.944218,51.952931
СЛАВУТА II,1783,26.801901,50.296927
СОЛОТВИНО II,1784,23.8812492,47.95915249999999
ФАЛЕНКИ,1785,51.59278519999999,58.35489889999999
ЧЕРЕПОВЕЦ I,1786,37.9257023,59.1403013
ЯБЛУНЕЦЬ,1787,28.0648776,50.8063616
КОЛЬЧИНО,1788,22.7711431,48.465962
МАКІЇВКА,1789,37.9815461,48.007681
САДГОРА,1790,25.949382,48.332069
СЛОВ’ЯНСЬК-ВІТКА,1791,37.595324,48.847976
БЕРЕЗА КАРТУЗСКАЯ,1792,24.8994936,52.53274889999999
БУШТИНА,1793,23.49449,48.05618
ВИТЬБА,1794,30.2491335,55.2089165
ГЕНРІХІВКА,1795,29.6381801,48.497639
ЖОВТОКАМ’ЯНКА,1796,33.862061,47.78263099999999
КАЛИЙ I,1797,27.588601,52.8265723
КОРОЛЕВО,1798,23.1409201,48.15354
КРИЧЕВ I,1799,31.7101766,53.73895899999999
ЛИЕПАЯ,1800,21.0167624,56.52406250000001
ЛИПКАНЬ,1801,26.7863449,48.2902132
МАТЕЙКОВЕ,1802,27.948613,49.040176
МИНСК-СОРТИРОВОЧНЫЙ,1803,27.5284761,53.8791695
МОГИЛЕВ I,1804,30.3385118,53.9262577
РЕВАКА,1805,28.9323504,46.94928849999999
СМОЛКА,1806,27.659955,50.547903
СТУПКИ,1807,37.992004,48.631362
ТОПОРИЩЕ,1808,28.6673157,50.5374181
УШИЦЯ,1809,27.0816447,48.5957752
ХЕРСОН-ПОРТ (ЕКСП.),1810,32.568526,46.630041
АКСАРАЙСКАЯ II,1811,48.0042744,46.79521159999999
БАКУ-ТОВАРНАЯ,1812,49.8670924,40.40926169999999
БУГЯНЯЙ,1813,22.432521,56.077495
ДОБЕЛЕ,1814,23.2844942,56.6286543
ЗАГОРОДНЯЯ,1815,56.08116,54.92622
КИРЖАЧ,1816,38.8460938,56.1514146
МАТУЙЗОС,1817,24.3132164,53.4968601
СОБОЛЕКОВО,1818,51.885979,55.634221
СТЕНЬКИНО II,1819,39.747298,54.546462
СУМГАИТ,1820,49.68073,40.561741
УНГЕНЬ (ЭКСП. ЧФР),1821,27.8000071,47.2033995
ЯНИЧКИНО,1822,37.8624147,55.6547434
РЕНІ (ЕКСП. ),1823,28.265869,45.457968
АБЛЫК,1824,69.2533368,41.2668342
ГАЙЖЮНАЙ,1825,24.330002,55.037715
КАЛИЙ III,1826,27.5776578,52.8654769
КАЛИНІВКА II,1827,28.5208359,49.4541893
МАРИЯМПОЛЕ,1828,23.3643832,54.5574854
МАТІЇВЦІ,1829,25.1683179,48.50871300000001
СМОЛЕНСК,1830,32.0344639,54.79791239999999
ШАЙКОРЫК,1831,71.3319629,42.9494552
КРЕЙДА,1832,36.651818,50.580954
ПРОМГИПСОВАЯ,1833,38.2512882,54.0493307
РИМКАЙ,1834,25.893102,54.5962147
САНКТ-ПЕТЕРБУРГ-ТОВ.-ВИТЕБСКИЙ,1835,30.3294997,59.91967529999999
СЫЗРАНЬ I,1836,48.4820438,53.1700317
ТАМБОВ I,1837,41.4269915,52.71860539999999
ШИЛАЙНЯЙ,1838,24.0610073,54.91418609999999
МАТЕУЦЬ,1839,28.9912337,47.7666258
МИХЕЕВИЧИ,1840,31.8299686,53.6748353
ГЛИБОЧОК-ВЕЛИКИЙ,1841,25.533291,49.617092
МЕТАЛЛУРГИЧЕСКАЯ,1842,61.44506699999999,55.23676829999999
РЕЗЕКНЕ II,1843,27.3450605,56.5197067
ІРПІНЬ,1844,30.2478819,50.519979
АКСУ I,1845,76.87353,52.1158
КАУНАС,1846,23.9314582,54.8864518
РАДВИЛИШКИС,1847,23.5365186,55.8056948
РИГА-ПРЕЧУ,1848,24.2179362,56.92199979999999
СУХОВСКАЯ-ЮЖНАЯ,1849,103.9492141,52.50006
КЕМЕРОВО-СОРТИРОВОЧНОЕ,1850,86.035102,55.3178864
ПОТИ,1851,41.6792614,42.1506603
КОСТРОМА НОВАЯ,1852,40.9793583,57.7587468
КОТЕЛЬНИЧ I,1853,48.3333333,58.3
КОТЕЛЬНИЧ II,1854,48.3333333,58.3
РТИЩЕВО II,1855,43.835835,52.244371
УГЛЕРОД,1856,86.50091909999999,54.09328799999999
ВІРИНСЬКИЙ ЗАВОД,1857,34.573451,50.97427
ДЕМКІВКА,1858,29.0856045,48.5711382
КАЗАЛЫ,1859,62.0999125,45.7640559
КЫЗЫЛОРДА,1860,65.4951791,44.8544647
ТАРАКЛИЯ,1861,28.6510561,45.9245989
ФЭЛЕШТЬ,1862,27.7412834,47.5497826
ЯРГОРА,1863,28.4294163,46.4276979
АЛМАТЫ 2,1864,76.9391776,43.2737785
ВЕРХНІЙ ТОКМАК I,1865,36.3072662,47.2074502
ЕРЕВАН,1866,44.5083379,40.1552947
ЗАНКИ,1867,36.4812039,49.637045
ЛЬГОВ-КИЕВСКИЙ,1868,35.269262,51.6367808
МАКТААРАЛ,1869,68.2385339,40.8366782
МАНКЕНТ,1870,69.8211408,42.4283151
МАСИС,1871,44.4104397,40.0620202
ХОТИСЛАВ (ЭКСП.),1872,24.1738058,51.70424149999999
ГУБЕРНИЯ,1873,137.0336623,50.5340682
КОХТЛА,1874,27.1893983,59.3618675
СУБАЧЮС,1875,24.7399864,55.7666775
БЫСТРОРЕЧЕНСКАЯ,1876,44.05553889999999,48.6810613
КАМ’ЯНКА-БУЗЬКА,1877,24.356634,50.099448
КОКШЕТАУ II,1878,69.49195999999999,53.35799
КОМРАТ,1879,28.6609061,46.3629787
ТЫРНОВА,1880,27.6469,48.1666
УНКИТЕШТЬ,1881,28.4896064,47.9061444
АВЧАЛА,1882,44.7953954,41.817872
БОГОСЛОВСКАЯ,1883,-73.9772294,40.7527262
БОЛДЕРАЯ (ЭКСП.),1884,24.0385876,57.0237445
КАМ’ЯНИЦЯ,1885,22.417572,48.692467
КАРАГАНДЫ,1886,73.22228609999999,49.9702364
ПОТИ (ЭКСП.),1887,41.6792614,42.1506603
РОЗДІЛЬНА-СОРТУВАЛЬНА,1888,30.04431,46.892799
СВИСЛОЧЬ (ЭКСП.),1889,24.0766025,53.0161129
ХОРОБИЧІ (ЕКСП.),1890,31.493,52.02979999999999
АЛЕКСЭНДРЕНЬ,1891,30.3883415,59.9256
АЛТЫНКОЛЬ (ЭКСПОРТ ПЕРЕВАЛКА АВТО),1892,80.29357,44.16468
АХАНГАРАН,1893,69.633372,40.9186911
ЗАПОРІЗЬКА СІЧ,1894,35.076721,47.832046
ЛЮБЛИНО-СОРТИРОВОЧНОЕ,1895,37.734869,55.683889
МОГИЛІВ-ПОДІЛЬСКИЙ (ЕКСП.),1896,27.7751646,48.4579108
ПОРОМНА (ІНШИЙ ЕКСПОРТ),1897,30.670083,46.335257
РИЗГОНИС,1898,23.3141978,55.9231199
ЮЖНОУКРАЇНСЬКА,1899,31.2200677,47.8104852
ЖАЛАГАШ,1900,64.68303999999999,45.07732
БЕРДЯНСЬК (ЕКСП.),1901,36.8036004,46.7510056
ЛЮБІНЬ-ВЕЛИКИЙ,1902,23.738464,49.72213800000001
ГАТОВО,1903,27.6647453,53.7829388
ЩИРЕЦЬ II,1904,23.8696466,49.6560451
АКЖАЙЫК,1905,51.8729622,47.0685811
ІМ. ТАРАСА ШЕВЧЕНКА,1906,31.8971065,49.2020265
АРЫСЬ 1,1907,68.7938585,42.4192606
ВОЛКОВЫСК,1908,24.4491184,53.1544013
ДЖАББОР РАСУЛОВ,1909,69.4984,40.1711
ДУКШТАС,1910,26.3247655,55.51980039999999
КРАСНЫЙ ХУТОР(ЭКСП.),1911,30.696203,50.409473
ОГУЛЬЦІ,1912,35.757172,49.92504
СОЛОВЕЙ (ЭКСП.),1913,-122.0455292,37.5167139
ЧОРНОМОРСЬКА (ДЛЯ ОПЗ),1914,30.9293866,46.58459939999999
МУУГА,1915,24.9542019,59.4810084
МААРДУ,1916,25.0160259,59.4702114
ТБИЛИСИ-УЗЛОВАЯ,1917,44.827096,41.7151377
АКТОБЕ ІІ,1918,57.1365378,50.2862892
ХЫРДАЛАН,1919,49.7481199,40.4457531
МАРОКАНД,1920,66.81312,39.80699
ГИДИГИЧ,1921,28.7434001,47.0804
ЖЕТЫСАЙ,1922,77.02065,43.43074
ЗАЛАРИ,1923,102.5183524,53.5677841
КУЧУРГАН (ЕКСП. НА НОВОСАВИЦЬКУ),1924,30.0024469,46.7537896
ПАГЕГЯЙ,1925,21.91537,55.13062799999999
ПРОСЯНА ІМ. ПРИКЛОНСЬКОГО В.В.,1926,36.3722709,48.1175682
РЕНІ (ЕКСП. ЧФР),1927,28.265869,45.457968
ГАДЯЧ ІМ. СЕРГІЄНКА МИКОЛИ ІВАНОВИЧА,1928,33.9796724,50.3678365
ДЕНИСІВ-КУПЧИНЦІ,1929,25.353681,49.471513
КЫЗЫЛСАЙ,1930,53.0407812,43.45516629999999
РИГА-КРАСТА,1931,24.0959875,56.96746520000001
ОЗУРГЕТИ,1932,42.0053729,41.92778149999999
ПАРАТСК,1933,48.5013932,55.8423287
ШЕСТЕРОВКА,1934,31.9247236,53.60779489999999
КОКШЕТАУ I,1935,69.4223164,53.2884161
ДЕМА,1936,55.834550900000004,54.6980437
ОКНИЦА,1937,27.484781,48.4054609
ТАЛДЫКОРГАН,1938,78.3768204,45.0034616
ШОЛДЭНЕШТЬ,1939,28.7913144,47.8174989
ШУ,1940,73.760311,43.6014393
СОЛДИНА,1941,28.1980066,59.3688692
ТАПА,1942,25.9616056,59.26560379999999
СЛОБІДКА (ЕКСП.),1943,29.3461148,47.8838782
БАСАРАБЯСКА,1944,28.9836999,46.3251
МАМОНОВО (ЭКСП.),1945,19.9413889,54.4638889
БАРДИНО,1946,87.34222009999999,53.9367145
ТУРКМЕНАБАД I,1947,63.5700989,39.1026106
БЕРЕЖЕСТЬ  (ЕКСП.),1948,28.951716,51.470004
ЗЕРНОВО  (ЕКСП.),1949,34.0227853,52.1838291
КОЗАЧА ЛОПАНЬ  (ЕКСП.),1950,36.195167,50.335292
ОДЕСА-ПОРТ  (ЕКСП.),1951,30.748833,46.48554499999999
ПЕТРОСТАЛЬ (ЕКСП.),1952,28.96168,46.44803
ТОПОЛІ  (ЕКСП.),1953,37.910595,49.960189
ГОРОДНІЙ,1954,39.2796221,48.771438
ЖОВТНЕВА  (ЕКСП.),1955,31.967136,46.834899
ІЗМАЇЛ  (ЕКСП.),1956,28.812532,45.3600096
МАРІУПОЛЬ-ПОРТ  (ЕКСП.),1957,37.50663,47.062231
МОГИЛІВ-ПОДІЛЬСКИЙ  (ЕКСП.),1958,27.7751646,48.4579108
ПОРОМНА-ЕКСПОРТ (БАТУМІ),1959,30.670083,46.335257
ПОРОМНА-ЕКСПОРТ (ПОТІ),1960,30.670083,46.335257
СОКИРЯНИ (ЕКСП.),1961,27.373713,48.443508
УДРИЦЬК  (ЕКСП.),1962,26.7504101,51.74733000000001
ХЕРСОН-ПОРТ  (ЕКСП.),1963,32.568526,46.630041
ХОРОБИЧІ  (ЕКСП.),1964,31.493,52.02979999999999
ГРАКІВКА (ЗП) (ЕКСП.),1965,38.230121,49.974516
МИКОЛАЇВ-ВАНТАЖНИЙ  (ЕКСП.),1966,31.9758924,46.9576791
ДЯКОВО (ЕКСП. ЧФР),1967,23.008037,48.013015
БОЛГРАД  (ЕКСП. НА РАЗЪЕЗД 208 К),1968,28.602584,45.735281
ФРИКАЦЕЙ (ЕКСП.),1969,28.41301,45.47877
ЛАРГА  (ЕКСП.),1970,26.8505388,48.4311589
СЛОВ’ЯНКА,1971,30.5132856,59.80664179999999
КАМ’ЯНИЙ МІСТ,1972,25.7275114,48.9030327
ЧОП (ЕКСП. ЧД),1973,22.2055633,48.432477
КУП’ЯНСЬК-СОРТУВАЛЬНИЙ,1974,37.645186,49.673417
МАГАЛА (РЗД),1975,26.0245891,48.288608
КВАШИНЕ  (ЕКСП.),1976,38.584628,47.745236
ХЕРСОН-ПОРТ (ПЕРЕВ.)(ЕКСП.)(РІЧКОВИЙ),1977,32.568526,46.630041
КРАСНООЗЕРІВКА,1978,39.069893,48.842656
БЕРДЯНСЬК  (ЕКСП.),1979,36.8036004,46.7510056
НОВОГРАД-ВОЛИНСЬКИЙ I  (ЕКСП.),1980,27.5931013,50.597831
СМИГА,1981,25.7662249,50.242439
РОКОСОВО,1982,23.210601,48.190303
БОЛГРАД  (ЕКСП. НА ГРЕЧЕНЬ),1983,28.602584,45.735281
МОСТИСЬКА II (ЕКСП.  ДБ),1984,23.0325224,49.8166178
ОТИНЯ,1985,24.8454405,48.7366155
ЛЮБЛИНЕЦЬ-ВОЛИНСЬКИЙ (РЗД),1986,24.618813,51.177507
ІМ. ГЕОРГІЯ КІРПИ,1987,30.7646996,50.4138362
ПОПАСНА II,1988,38.364981,48.643895
ЗАВОРИЧІ,1989,31.1339864,50.6902147
ПОГРЕБИЩЕ I,1990,29.295166,49.438805
ЦЕНЖІВ,1991,24.596851,48.999803
ПОНІНКА,1992,27.5244363,50.1379601
ДУШАНБЕ I,1993,68.79952,38.55696
АКСЕНГЕР (РЗД),1994,76.74831999999999,43.36132
АПШЕРОН,1995,49.957581,40.46366700000001
БАТУМИ,1996,41.6540596,41.6449592
ГЫПДЖАК,1997,58.3627475,38.1241114
ТБИЛИСИ-ТОВАРНАЯ,1998,44.827096,41.7151377
ГЯНДЖА,1999,46.3605643,40.6815528
КИШЛЫ,2000,49.8921796,40.3978678
РАХИМОВА,2001,69.197113,41.254496
МОСКВА-ТОВАРНАЯ-РЯЗАНСКАЯ,2002,37.67809889999999,55.7792749
ПЕТРЯЕВКА,2003,43.7998492,56.2521469
ЧЕМСКОЙ,2004,82.96732899999999,54.955819
ЩЕЛКОВО,2005,38.0069234,55.9095392
БАЛАДЖАРЫ,2006,49.8140549,40.4335763
СЕМЕНИК,2007,37.7198919,55.752568
ЕГВАРД,2008,44.4966352,40.2925468
КАЙШЯДОРИС,2009,24.4621534,54.8631651
ЙОНИШКИС,2010,23.599743,56.230954200000014
ГОРИ,2011,-109.7869527,44.2642998
ГУСТОНИС,2012,24.1596001,55.7424
САЛДУС,2013,22.4719763,56.6861018
ТУКУМС II,2014,23.1157493,56.9599522
ЗЕСТАФОНИ,2015,43.03904929999999,42.1078178
ПРИБУЗЬКА (ЕКСП.),2016,32.0406991,46.86212099999999
ШАБАНЫ,2017,27.6920348,53.8388731
ПОЧИНКИ,2018,43.8285642,56.3667583
АЛАБАШЛЫ,2019,46.03618030000001,40.86813
КИТОЙ-КОМБИНАТСКАЯ,2020,103.8751101,52.5996689
КУРЬЯ,2021,56.02039989999999,58.0474
БЕЛОРУСЬ,2022,27.2834542,54.0087319
УЛЬЯНОВСК III,2023,48.3121665,54.3015804
ДЖУРДЖУЛЕШТЬ (ЭКСП. ЧФР),2024,28.2026695,45.4715773
АСТАНА I,2025,71.4096445,51.1954139
БЭЛЦЬ-СЛОБОЗИЯ,2026,27.9258756,47.7859712
ГЮЗДЕК,2027,49.6776204,40.3728747
АЛТЫНКОЛЬ (ЭКСП),2028,80.29357,44.16468
ЛОСОСНО,2029,23.807242,53.6568704
ХУДЖАНД,2030,69.7292095,40.2253615
МАЖЕЙКЯЙ,2031,22.3392738,56.3128148
ЧУКУРСАЙ,2032,69.23262319999999,41.3857851
КАЛУГА I,2033,36.278726,54.5335736
ЯРОСЛАВЛЬ-ПРИСТАНЬ,2034,39.9282014,57.58634799999999
СПИТАМЕН,2035,69.36131,40.16732
ЧЕЛЯБИНСК-ГРУЗОВОЙ,2036,61.38579600000001,55.1253201
КАГАН,2037,64.53643699999999,39.7311786
НАЗАРБЕК,2038,69.12061589999999,41.2942944
ДУШАНБЕ II,2039,68.76229,38.5782
ЖИГУЛЕВСКОЕ МОРЕ,2040,49.52581370000001,53.4770483
МАНГАЛИ,2041,24.1291401,57.0185063
АРМАВИР,2042,41.0833167,45.0017188
ВЕВИС,2043,24.8121372,54.7791137
ВИЛКАВИШКИС,2044,23.0303287,54.6482574
ШЯУЛЯЙ,2045,23.3141978,55.9231199
ЮЛЕМИСТЕ,2046,24.794464,59.42324480000001
КОСТАРИХА,2047,43.8757604,56.30885749999999
АКТОБЕ І,2048,57.2145519,50.2811282
КСЕНІЄВЕ (ЕКСП.),2049,30.62144,46.36337
МИКОЛАЇВ-ВАНТАЖНИЙ (ПЕРЕВ.)(ЕКСП.)(РІЧ,2050,31.9758924,46.9576791
РОКИШКИС,2051,25.5974012,55.9395533
ТАРТУ,2052,26.7067371,58.3738176
ПАКРУОЙИС,2053,23.8518739,55.976
ДЕГТЯРЕВКА,2054,27.3743917,53.8855589
ИЕЦАВА,2055,24.191557,56.592941
СТРЭШЕНЬ,2056,28.61982,47.14977
АЭГВИЙДУ,2057,25.6134608,59.2850327
ТРОЦИЛОВО,2058,29.753093,54.4026414
РАВА-РУСЬКА (ЕКСП. НА ВЕРХРАТУ),2059,23.6128701,50.232785
ВИКШЕЗЕРО,2060,34.286442,62.588836
БІЛГОРОД-ДНІСТРОВСКИЙ (ЕКСП.),2061,30.3377686,46.1851723
ЛЯКИ,2062,47.4256846,40.5549915
СУХУМИ,2063,40.9959088,43.0072116
АБОВЯН,2064,44.617112,40.2697746
КУЛИНДОРОВЕ (ЕКСП.),2065,30.7932295,46.6335801
СИЛИКАТНАЯ,2066,37.5552196,55.4704263
ПАХТА,2067,69.21587699999999,41.363281
САМАРКАНД,2068,66.9289273,39.6854685
ХРАПУНОВО,2069,38.3474741,55.7211004
РОСЛАВЛЬ I,2070,32.87487,53.9542911
ЮРЬЕВЕЦ,2071,40.280051,56.0927407
ОВРАЖКИ,2072,38.0335382,55.6646941
ПРИСАДЫ,2073,37.8125454,54.1191958
ДАЧА ДОЛГОРУКОВА,2074,30.44161,59.93168499999999
ДУЛЕВО,2075,38.9469545,55.7108529
ПЕНЗА II,2076,45.0124048,53.2040191
УРШАК (РЗД),2077,55.924542,54.5656532
МОСКВА-СОРТИРОВОЧНАЯ-КИЕВСКАЯ,2078,37.5667304,55.7430872
ТРУБЧЕВСК,2079,33.7826871,52.58683869999999
АКМЯНЕ,2080,22.6954936,56.1954878
ВОЛГОГРАД II,2081,44.4806906,48.69286049999999
ЖУРЖЕВО,2082,30.260092,55.1829966
МАЛЬЧИКИ,2083,-87.2797355,41.5583459
СТАЛЬНАЯ,2084,-79.995653,40.439794
ПЕТРОЗАВОДСК,2085,34.3447307,61.7843792
ДАШОГУЗ,2086,59.9763178,41.8494164
ОДЕСА-ПЕРЕСИП (ЕКСП.),2087,30.726413,46.52502
СОКОЛЕНЬ,2088,29.1889094,46.9035467
КЫРККЫЗ,2089,58.2070362,43.1504795
МОСТИСЬКА II (ЕКСП. ЧД),2090,23.0325224,49.8166178
УЖГОРОД (ЕКСП. ЧД),2091,22.3006874,48.6094982
ЛАЧУПЕ,2092,24.0458408,56.9696909
ЩЕЖЕР,2093,30.569179,53.843975
ЧОРНОТИСІВ,2094,23.0574809,48.07150499999999
ЗЕЛЕНЫЙ БОР,2095,37.874869,55.963317
ИМ.МАКСИМА ГОРЬКОГО,2096,42.1229011,49.0098522
МУРОМ I,2097,42.0169113,55.5640369
НОВОПРОЛЕТАРСКАЯ,2098,37.7634827,55.73588540000001
ПЕНЗА IV,2099,45.0168179,53.2169126
ПЕРМЬ II,2100,56.18190019999999,58.0047321
ХАБАРОВСК II,2101,135.128207,48.43509299999999
ДНІПРО-ГОЛОВНИЙ-ЕКСПОРТ,2102,35.01532419999999,48.477403
НИЖНЬОДНІПРОВСЬК-ПРИСТАНЬ (ЕКСП.),2103,35.06607899999999,48.497477
ДЗЕРЖИНСКАЯ-НОВАЯ,2104,20.5302141,54.662901
КИРТИМАЙ,2105,26.0809899,54.53156999999999
САНКТ-ПЕТЕРБУРГ-БАЛТИЙСКИЙ,2106,30.2995099,59.9071733
ШКИРОТАВА,2107,24.213705,56.902865
ЗОРАТ,2108,-77.5056555,37.62688600000001
КАРАДАГ,2109,35.2333333,44.9333333
ЧЕРНОЗЕМОВКА,2110,30.2134968,53.79516
ЧУГУН I,2111,39.6655771,52.6323287
БУХАРА II,2112,64.42965389999999,39.8064375
КАРШИ,2113,65.77724599999999,38.821534
КУНГРАД,2114,58.8570771,43.0281715
НИЖНИЙ НОВГОРОД-АВТОЗАВОД,2115,43.9461304,56.32190629999999
БАХАРЕВКА,2116,56.23457089999999,57.9531853
БАЛКАНАБАТ,2117,54.3489951,39.5054191
ПЕТЮНЫ,2118,25.2936817,54.0568941
ГЮМРИ,2119,43.8681293,40.7969175
ГОВСАН,2120,50.079377,40.384559
ПОСИНЬ (РЗД),2121,28.4695971,56.3051593
ПРУТ,2122,27.8000071,47.2033995
ЧОП (ЕКСП. ОББ),2123,22.2055633,48.432477
ЧИМКУРГАН,2124,67.4516184,39.9364924
ЛУГА I,2125,29.84548689999999,58.74054779999999
РЯЗАНОВКА,2126,39.5580697,55.1469274
ЛУКАШЕВКА,2127,35.5843467,51.64857170000001
МОСКВА-ТОВАРНАЯ-СМОЛЕНСКАЯ,2128,37.5603626,55.7706586
ЧЕРТАНОВО,2129,37.6286803,55.6324476
САМТРЕДИА,2130,42.3433326,42.1613202
ТУШИНО,2131,37.4407349,55.8271772
МЕРЕНЬ,2132,29.0574861,46.9228384
КУТАИСИ II,2133,42.670315,42.256321
ЯШЛЫК,2134,58.89484059999999,37.7760122
ВАЛГА,2135,26.0529163,57.77467979999999
БАХАРЛЫ,2136,57.43200960000001,38.4339733
ТУРКМЕНБАШИ I,2137,52.9947209,40.0039293
МАРЫ,2138,61.837082,37.5971358
САНКТ-ПЕТЕРБУРГ-ФИНЛЯНДСКИЙ,2139,30.3568941,59.9554418
"НАУШКИ (ЭКСП. АО ""УБЖД"" УЛААНБААТАР)",2140,106.0998,50.38927
ЗАРАФШАН,2141,64.1908957,41.5707838
КРЯТИНГА,2142,22.586652,55.91772
БОЛДЕРАЯ,2143,24.0385876,57.0237445
ЕКИБАСТУЗ II,2144,75.2820969,51.7145062
ПОРТ-ВЕЛИКЕ ЗАПОРІЖЖЯ (ЕКСП.),2145,35.1094284,47.873826
ВАНАДЗОР,2146,44.4847798,40.8175037
АРЫК (РЗД),2147,67.01481,44.02897
УЗЕНЬ,2148,52.8537719,43.3212899
САЛАСПИЛС,2149,24.3527143,56.8606997
СЕНАКИ,2150,42.0653137,42.26774
УШОМИР,2151,28.5890799,50.86264
ЯУНКАЛСНАВА,2152,25.9761208,56.6869488
БЯЗДОНИС,2153,34.3469327,63.2206838
ЙЫГЕВА,2154,26.4005125,58.7472126
КЕДАЙНЯЙ,2155,23.9779627,55.3085064
ПОРОМНА-ЕКСПОРТ (БОЛГАРІЯ),2156,30.670083,46.335257
БЕТОННАЯ-ТОВАРНАЯ,2157,44.4513016,48.7668256
КАЗРЕТИ,2158,44.4252189,41.3819314
МОСКВА-ТОВАРНАЯ-ПАВЕЛЕЦКАЯ,2159,37.6433881,55.7179681
ЕКИБАСТУЗ III,2160,75.2820969,51.7145062
КАНТ,2161,74.8507109,42.8857448
ЦХРА-ДЗМА (РЗД),2162,43.5082627,41.3244903
КИБАРТАЙ,2163,22.7606674,54.64075750000001
СУЗЕМКА (ЭКСП.),2164,34.07303,52.31761
ИОНАВА,2165,24.2754416,55.0934599
ЧИЕКУРКАЛНС,2166,24.1686891,56.9799206
ХАЗАРАСП,2167,61.08172,41.31324
БЕЛООЗЕРСК,2168,25.1866211,52.4665876
БИНА,2169,-83.28406199999999,36.3437016
МУГАН,2170,37.5498684,55.6156249
ТУЛА I-КУРСКАЯ,2171,37.5775275,54.19906229999999
МЕДВЕДКА,2172,30.1520348,55.1447692
ВИЛЬНЮС,2173,25.4087,54.6937055
МАНГИСТАУ,2174,51.3087374,43.6969161
СТОПЯТЫЙ,2175,-118.3263963,33.9252244
ПЛУНГЕ,2176,21.8518743,55.9190912
ИМИШЛИ,2177,48.0665218,39.8694686
КАРБЫШЕВО I,2178,73.328673,54.9379014
ПИЛЬВИШКЯЙ,2179,23.1996917,54.7263404
КАКАВАДЗОР,2180,44.0519222,40.3507407
КЭИНАРЬ,2181,29.0972,46.675
КЭЛЭРАШЬ,2182,28.3344,47.2443
ИМ. МАКСИМА ГОРЬКОГО,2183,42.1229011,49.0098522
ХАШУРИ,2184,43.60106409999999,41.9987974
КИЗИЛ-БУРУН,2185,64.35204999999999,45.31005
ЗАИМ,2186,37.4511396,55.89425670000001
САНКТ-ПЕТЕРБУРГ-ТОВ.-МОСКОВСКИЙ,2187,30.36416,59.9190067
ВАЛЬЧЮНАЙ,2188,32.1020517,59.65356569999999
РЕПЕТЕК,2189,61.837082,37.5971358
РИГА-ПАСАЖИЕРУ,2190,24.1203279,56.94674449999999
ОКЕАНСКАЯ,2191,132.0070943,43.2350027
ПУТА,2192,37.553704,55.8053304
МОСТИСЬКА I,2193,23.129309,49.818396
ЛИЛО,2194,-73.9614378,45.388076
ЗУГДИДИ,2195,41.8596683,42.5103847
БИНОКОР (РЗД),2196,68.4799993,40.2652584
ХЕРСОН (ЕКСП.)(МОРСЬКИЙ),2197,32.6048735,46.6562558
САЛЬЯНЫ,2198,48.9603232,39.5640043
ТЯЛЬШЯЙ,2199,28.4887777,49.150593
НАУЙОЙИ-ВИЛЬНЯ,2200,25.4087,54.6937055
ЖИЛАЕВО,2201,51.6158601,51.2071
ИГИЛИК (РЗД),2202,68.4905184,40.8967017
ПОКРОВСК-ПРИВОЛЖСКИЙ,2203,37.1816185,48.28510199999999
АРАРАТ,2204,44.6893573,39.853266
АНЗЕБИ,2205,101.4760825,56.1522546
КАЯ,2206,104.2209005,52.2687548
СЕРПУХОВ-ВЕТКА,2207,37.45142269999999,54.9347913
АЛЯТ,2208,49.4086094,39.9767387
АЧИНСК II,2209,90.5140134,56.2492522
ДОСТЫК (ЭКСП.),2210,82.4761,45.26188
БАТУМИ-ПАРОМ (ЭКСП.),2211,41.6572541,41.6472661
КОЙТЕНДАГ,2212,66.0141144,37.517402
ЯВАН,2213,69.046356,38.3192083
ШАРКОВЩИЗНА,2214,27.4724001,55.3687
НУР-СУЛТАН 1,2215,71.4096445,51.1954139
НИЖНЕВАРТОВСК I,2216,76.609235,60.95309419999999
КУДЬМА,2217,43.8718626,56.1658066
РЯЗАНЬ II,2218,39.7006827,54.6285968
ПРИБУЗЬКА  (ЕКСП.),2219,32.0406991,46.86212099999999
БІЛГОРОД-ДНІСТРОВСКИЙ  (ЕКСП.),2220,30.3377686,46.1851723
КУЛИНДОРОВЕ  (ЕКСП.),2221,30.7932295,46.6335801
МАМАЛИГА  (ЕКСП.),2222,26.577978,48.252953
НИЖНЬОДНІПРОВСЬК-ПРИСТАНЬ  (ЕКСП.),2223,35.06607899999999,48.497477
ПОРТ-ВЕЛИКЕ ЗАПОРІЖЖЯ  (ЕКСП.),2224,35.1094284,47.873826
ДЕБАЛЬЦЕВЕ-СОРТУВАЛЬНА,2225,38.463122,48.35923
ЛОСИНІВКА,2226,31.988788,50.874469
ОДЕСА-СОРТУВАЛЬНА (ЕКСП.),2227,30.754395,46.55422
ЛЕЛЕКІВКА,2228,33.2433176,48.2417023
ВЭЛЧИНЕЦ,2229,27.7223525,48.44850539999999
БОЖКОВСКАЯ,2230,34.7616045,49.6721553
РЕНІ-ПОРТ-ЕКСПОРТ,2231,28.2888529,45.457057
ГАДЖИ ЗЕЙНАЛАБДИН,2232,50.14805579999999,40.492013
КАРМИР-БЛУР,2233,44.4498612,40.1531719
ВЭЛЧИНЕЦ (ЭКСП.),2234,27.7223525,48.44850539999999
СЕРДАР,2235,56.31530129999999,38.97043499999999
ИЛЬГЮЦИЕМС,2236,24.0542109,56.9696727
ГЕРАН,2237,37.410189,55.833458
БУКОВЭЦ,2238,23.4912256,42.9351431
ПОНИЧАЛА,2239,44.9208363,41.6330001
ВЕЛИ,2240,-73.99203729999999,40.7133208
ПОРОМНА (ІНШИЙ ЕКСПОРТ),2241,30.670104,46.335472
ПОРОМНА-ЕКСПОРТ (БАТУМІ),2242,30.670104,46.335472
ПОРОМНА-ЕКСПОРТ (БОЛГАРІЯ),2243,30.670104,46.335472
ПОРОМНА-ЕКСПОРТ (ПОТІ),2244,30.670104,46.335472
ПОРОМНА-ЕКСПОРТ (РИБНИЙ ПОРТ),2245,30.670104,46.335472
ВАЙДОТАЙ,2246,25.2161602,54.594372
ІМ. КОЖУШКО О.М.,2247,37.599722,48.828056
ІМ. КОЖУШКО О.М.,2248,37.599722,48.828056
ЧОРНОМОРСЬК-ПОРТ-ЕКСПОРТ ,2249,30.655111,46.314375
ЗУП. ПУНКТ 121 КМ (ЕКСП.),2250,29.326343,49.117666
ІМ. ОЛЕГА КРЮЧКОВА,2251,37.6795879,49.467888
ІМ. ОЛЕГА КРЮЧКОВА,2252,37.6795879,49.467888
БЕРЕГОВА  (ЕКСП.),2253,31.044189,46.632276
ЧОРНОМОРСЬКА-ЕКСП.(ДЛЯ ОПЗ),2254,31.0089951975218,46.6120363398466
