id,name,lon,lat
"20",,31.9433316666667,52.5127777777778
"47",,31.0441663888889,52.3852775
"51",,31.0858338888889,52.3819436111111
"53",,31.0638888888889,52.3744438888889
"61",,31.2102775,52.301945
"99",,33.9450008333333,52.0511111111111
"115",,33.2366666666667,51.9894455555555
"133",,33.4445458333333,51.8569852777778
"136",,33.4791658333333,51.8308327777778
"140",,33.5952883333333,51.8207338888889
"146",,31.1097219444444,51.7744441666667
"148",,33.4808341666667,51.7705555555556
"158",,33.4413880555556,51.7180555555555
"162",,32.0755544444444,51.6730558333333
"183",,26.5844452777778,51.5469436111111
"187",,31.2566647222222,51.5036108333333
"190",,30.9922213888889,51.5002783333333
"198",,26.5955555555556,51.3463894444444
"199",,26.6005563888889,51.3455558333333
"201",,28.9636108333333,51.335
"204",,26.5630572222222,51.3263883333333
"205",,28.8102772222222,51.3230541666666
"207",,26.5991677777778,51.3163888888889
"210",,26.3016652777778,51.3122216666667
"211",,26.2872222222222,51.3086111111111
"215",,26.1808330555556,51.2944441666667
"217",,28.7930547222222,51.2927786111111
"218",,26.0183330555556,51.3000002777778
"222",,28.5844427777778,51.2836111111111
"225",,24.7066688888889,51.2663897222222
"231",,33.1741644444444,51.2300002777778
"232",,24.6838902777778,51.2297216666667
"234",,24.6577780555556,51.2297216666667
"235",,24.7900019444444,51.2272225
"237",,24.6922213888889,51.2225005555556
"238",,24.6505547222222,51.2222230555556
"241",,24.7313886111111,51.2019458333333
"242",,33.3813888888889,51.1980555555555
"244",,32.8138888888889,51.1811113888889
"247",,34.165,51.1722219444445
"249",,32.7713886111111,51.1713888888889
"251",,32.7452791666667,51.1649997222222
"252",,34.2233347222222,51.1611119444444
"255",,32.841945,51.1405561111111
"257",,28.0077791666667,51.1230552777778
"258",,28.6936102777778,51.1205547222222
"261",,28.0541661111111,51.1133330555556
"262",,28.0741663888889,51.1102772222222
"266",,31.9155555555556,51.0936116666667
"267",,34.2941669444444,51.0905558333333
"269",,24.9877786111111,51.0800011111111
"275",,32.829445,51.0208341666667
"277",,31.8686105555556,51.0133325
"279",,34.445835,50.9991675
"280",,28.5225002777778,50.9849986111111
"281",,28.5745141666667,50.9721494444444
"283",,28.5330555555556,50.9586105555555
"286",,28.5916669444444,50.9427783333333
"289",,24.3905552777778,50.9341655555555
"292",,28.6816663888889,50.9322225
"293",,28.5899977777778,50.9188888888889
"294",,26.4438894444444,50.8838891666667
"296",,24.3402775,50.8711111111111
"297",,28.5774994444444,50.8636108333333
"300",,34.8777780555556,50.8427783333333
"301",,25.45111,50.8280555555555
"303",,35.1002772222222,50.8191666666667
"304",,31.5380555555556,50.8180547222222
"305",,35.0000002777778,50.8163891666667
"306",,35.0305547222222,50.8147233333333
"308",,35.7338888888889,50.7922222222222
"309",,35.6941661111111,50.7827780555556
"311",,32.3619438888889,50.7813894444444
"317",,35.7950252777778,50.7757588888889
"320",,29.33139,50.7416675
"324",,34.8413875,50.7291666666667
"325",НИЗИ,34.7733319444444,50.7722211111111
"332",,28.6236111111111,50.6991666666667
"338",,26.1544433333333,50.6861113888889
"339",,29.7188891666667,50.6772216666667
"341",,36.233485,50.6645505555556
"342",,26.2769447222222,50.6600002777778
"344",,26.2347219444444,50.6455563888889
"346",,24.3522225,50.6294427777778
"347",,34.8533341666667,50.6269436111111
"351",,32.3544447222222,50.5908338888889
"352",,36.5686105555556,50.5905547222222
"353",,27.5833322222222,50.5869447222222
"355",,32.3758316666667,50.5766652777778
"357",,27.5741666666667,50.5691666666667
"366",,28.6544455555556,50.5438880555555
"370",,30.2447216666667,50.5216663888889
"372",,26.2508333333333,50.5158333333333
"377",,30.4019438888889,50.454445
"378",,28.6830561111111,50.4530547222222
"379",,30.7055527777778,50.4530541666667
"381",,26.0072211111111,50.4477786111111
"382",,26.4633316666667,50.4380558333333
"383",,30.6638888888889,50.4333338888889
"384",,35.8508144444444,50.4286647222222
"385",,30.6517625,50.4278225
"386",,30.7122219444444,50.4224991666667
"387",,30.6283327777778,50.4197225
"388",,30.4402775,50.4197219444444
"390",,30.5497211111111,50.4030561111111
"393",,30.4005558333333,50.3933336111111
"394",,24.20639,50.3836105555556
"395",,35.8686116666667,50.3802797222222
"396",,36.8397211111111,50.3774988888889
"397",,33.4413891666667,50.3733322222222
"399",,30.9422219444444,50.3708330555556
"401",,35.0977772222222,50.3511097222222
"402",,26.7238738888889,50.34876
"407",,26.8111108333333,50.3319441666667
"408",,25.6602772222222,50.3316658333333
"410",,26.8724997222222,50.3211116666667
"411",,35.0000011111111,50.3166666666667
"414",,28.9799997222222,50.315555
"416",,28.5897230555556,50.3111111111111
"418",,24.2322244444444,50.3086111111111
"424",,28.6955561111111,50.2902777777778
"426",,24.6241675,50.2902772222222
"432",,30.2441663888889,50.2330569444444
"433",,23.6233322222222,50.2319441666667
"434",,26.9913891666667,50.2269441666667
"435",,28.7480563888889,50.2172236111111
"436",,30.1941669444444,50.2163888888889
"438",,27.1083336111111,50.1958333333333
"441",,28.7244441666667,50.1913891666666
"444",,27.0855569444444,50.1855555555556
"446",,35.4416666666667,50.1622222222222
"448",,29.0780561111111,50.1425005555555
"451",,27.4677775,50.1327780555556
"452",,32.4088888888889,50.1299994444444
"453",,32.4527777777778,50.1275002777778
"454",,27.0308325,50.1194447222222
"456",,28.6663888888889,50.1083336111111
"458",,29.9594444444444,50.0955561111111
"459",,24.3197222222222,50.0783336111111
"462",,29.9052777777778,50.0672225
"466",,29.4950002777778,50.0516663888889
"468",,29.9499986111111,50.0327777777778
"469",,29.8294447222222,50.0094441666667
"471",,33.3350016666667,50.0058338888889
"475",,36.1808344444444,49.9999994444444
"476",,37.3894452777778,49.9999994444444
"478",,33.1180566666667,49.9916669444444
"479",,33.2913883333333,49.990555
"481",,36.1938872222222,49.97639
"483",,28.2863888888889,49.9686119444444
"484",ШКЛО-СТАРЖИСЬКА,23.5433325,49.9788888888889
"485",,23.5694438888889,49.9686102777778
"486",,23.5005566666667,49.9600005555555
"488",,35.8452797222222,49.9577780555555
"490",,23.448335,49.9563888888889
"493",,36.1730552777778,49.949165
"495",,33.626945,49.9513886111111
"496",,35.8261116666667,49.9472216666667
"497",,35.9483327777778,49.9438877777778
"499",,36.1711094444444,49.9424997222222
"502",,30.0413888888889,49.9369438888889
"503",,36.2161116666667,49.9316658333333
"504",,36.2227797222222,49.9291658333333
"505",,29.2149997222222,49.9288888888889
"511",,35.3461122222222,49.9211116666667
"513",,35.3211111111111,49.9183341666667
"515",,24.6302780555556,49.9163891666667
"518",,23.9430569444444,49.898055
"519",,28.5899997222222,49.8941672222222
"520",,28.5969436111111,49.8924994444444
"521",,28.6308333333333,49.8813891666667
"522",,24.1097213888889,49.8811119444444
"523",,36.2377772222222,49.8775011111111
"524",,24.0905547222222,49.8747233333333
"525",,23.9577775,49.8725002777778
"526",,28.6258333333333,49.8711102777778
"527",,23.9336119444444,49.8697216666667
"529",,23.9838888888889,49.8572222222222
"530",,36.0502772222222,49.8566658333333
"531",,24.0494444444444,49.854445
"532",,35.2036105555555,49.8527769444444
"534",,24.1163886111111,49.8447216666667
"535",,36.3905572222222,49.8441661111111
"536",,23.9274988888889,49.8361111111111
"537",,23.6491666666667,49.8347230555555
"538",,23.9166688888889,49.8344447222222
"539",,30.0811105555556,49.8277775
"540",,23.9719430555555,49.8258336111111
"543",,33.8972230555555,49.8119441666667
"551",,36.0350005555556,49.7866680555555
"552",,23.4999997222222,49.7866266666667
"553",,23.1400008333333,49.8233327777778
"555",,22.8322558333333,49.7835044444444
"556",,22.7498238888889,49.7816408333333
"557",,23.6147236111111,49.7758341666667
"558",,36.0222219444444,49.7758341666667
"559",,28.5894444444444,49.7758330555556
"560",,22.7797233333333,49.7744455555556
"561",,36.7200008333333,49.7741675
"563",,30.1697230555556,49.7713888888889
"565",,28.6711102777778,49.7677780555555
"566",,23.8875013888889,49.7669436111111
"567",,28.7694436111111,49.7625005555555
"569",,27.2388875,49.7413888888889
"571",,28.8019444444444,49.7347211111111
"573",,30.3722238888889,49.7344444444444
"574",,28.8691663888889,49.7338891666667
"575",,27.1741658333333,49.7297227777778
"576",,36.3369438888889,49.7247216666667
"577",,28.8297230555556,49.7175005555555
"578",,37.6333333333333,49.7100002777778
"579",,27.1333338888889,49.7083341666667
"580",,25.7427777777778,49.6733341666667
"581",,30.6075,49.6616669444444
"582",,37.6588022222222,49.6612872222222
"584",,30.9416658333333,49.6563886111111
"585",,37.6638866666667,49.6555547222222
"587",,30.9944427777778,49.6463883333333
"588",,32.0791658333333,49.6461108333333
"590",,28.7783322222222,49.6377786111111
"591",,23.8619436111111,49.6369455555555
"592",,36.4877763888889,49.6241669444444
"593",,34.626945,49.6216663888889
"596",,34.6019441666667,49.5588894444444
"597",,25.5916675,49.5486113888889
"599",,28.1227777777778,49.5269444444444
"600",,22.85639,49.5266666666667
"601",,23.1947225,49.5219438888889
"604",,25.7572225,49.5227791666667
"605",,28.6247222222222,49.5075005555555
"608",,28.3583330555556,49.4947230555555
"609",,28.3255544444444,49.4919441666667
"610",,25.5941666666667,49.4833344444444
"611",,28.5652780555556,49.4755569444444
"615",,34.8180544444444,49.4736111111111
"616",,35.5822208333333,49.4677780555555
"618",,28.42111,49.4641655555556
"619",,28.5258330555555,49.4502777777778
"620",,26.9322225,49.4269441666667
"621",,28.5116666666667,49.4263886111111
"622",,32.0286122222222,49.4255552777778
"623",,38.8069444444444,49.4241666666667
"624",,29.2783327777778,49.4211105555555
"625",,26.9380561111111,49.4194452777778
"626",,24.2988886111111,49.4050002777778
"627",ДНІСТРЯНСЬКА,24.1188877777778,49.4586105555556
"628",,24.9905544444444,49.3986119444444
"631",,32.0230552777778,49.3972222222222
"632",,29.4275008333333,49.3966658333333
"634",,37.0530566666667,49.3958333333333
"637",,29.6566655555556,49.3850011111111
"638",,36.1927777777778,49.3836111111111
"639",,24.2802755555556,49.3797222222222
"640",,24.9716663888889,49.3766663888889
"641",,35.4608333333333,49.374445
"642",,24.7702766666667,49.3797222222222
"644",,29.1202777777778,49.3533319444444
"646",,23.5441663888889,49.3455541666667
"648",,35.379445,49.3391675
"649",,23.5536119444444,49.3333341666667
"650",,24.0963875,49.3288891666667
"651",,31.9597230555556,49.3219436111111
"655",,23.8619452777778,49.2808341666667
"657",,23.8452752777778,49.2622219444444
"659",,28.5180561111111,49.2574994444444
"660",,23.8374994444444,49.2538897222222
"663",,28.4994422222222,49.2286116666667
"664",ЖАШКІВ,30.0833311111111,49.25111
"665",,31.8786113888889,49.218055
"666",,33.3633325,49.2152780555555
"667",,28.6866683333333,49.1799997222222
"668",,29.3755547222222,49.1694444444444
"669",,26.8088902777778,49.1666663888889
"670",,37.5255544444444,49.1572216666667
"672",,31.5447222222222,49.1502769444444
"673",,33.2097225,49.1486111111111
"676",,24.7305561111111,49.1375008333333
"678",,35.8644436111111,49.1369438888889
"679",,26.4625005555556,49.1366666666667
"680",,33.573055,49.1347222222222
"681",,28.6980552777778,49.1322222222222
"683",,30.7399986111111,49.1316658333333
"686",,33.4527769444444,49.1116669444444
"687",,25.95,49.0997230555556
"688",,28.7772211111111,49.0961116666667
"690",,33.4477769444444,49.0891663888889
"691",,37.5316663888889,49.0886111111111
"692",,26.1622244444444,49.0861111111111
"693",,33.5772225,49.0833333333333
"694",,28.1205561111111,49.0777769444444
"697",,29.5861116666667,49.0661116666667
"698",,31.4897219444445,49.0508330555555
"700",,24.308055,49.0452780555555
"702",,28.0813888888889,49.0416666666667
"704",,28.0427775,49.0388905555555
"706",,24.2597227777778,49.0338886111111
"707",,25.8455566666667,49.0369433333333
"709",,27.7194430555556,49.0322222222222
"710",,36.325,49.0288883333333
"711",,24.3541672222222,49.0272219444444
"712",,27.6833336111111,49.0191666666667
"714",,25.7183344444444,49.0163891666667
"717",,31.0172213888889,49.0083333333333
"719",,24.1891683333333,49.0036111111111
"721",,29.7155563888889,49.0024994444444
"723",,29.7397227777778,48.9983325
"724",,37.7827788888889,48.9974991666667
"726",,38.3813891666667,48.9933341666667
"727",,31.2361122222222,48.9905558333333
"728",,23.9877769444444,48.9891658333333
"730",,33.3297230555556,48.9888880555555
"732",,30.9872213888889,48.9827777777778
"734",,38.3877780555556,48.9799986111111
"737",,24.7063894444444,48.9675
"739",,37.8748336111111,48.9582572222222
"747",,30.3391666666667,48.9147227777778
"749",,38.3438888888889,48.9094447222222
"750",,36.2730566666667,48.9091663888889
"751",,37.6805569444444,48.8958333333333
"753",,30.6599991666667,48.9013880555556
"754",,37.6730566666667,48.89
"755",,28.2749991666667,48.8891669444444
"757",,36.3236102777778,48.8886113888889
"760",,37.1305552777778,48.8838886111111
"761",,38.0947233333333,48.8838880555556
"763",,36.3441672222222,48.8758319444444
"765",,24.7411122222222,48.8647230555555
"766",,38.4774991666667,48.8625011111111
"767",,37.6180555555556,48.8569441666667
"768",,32.4127766666667,48.8547225
"769",,22.4447208333333,48.8502775
"772",,37.5380561111111,48.8466663888889
"777",,37.5869441666667,48.8422225
"778",,30.0236111111111,48.8391663888889
"779",,26.0538894444444,48.8363888888889
"780",,38.0986111111111,48.8358344444444
"784",,38.4188875,48.8169438888889
"786",,29.9830538888889,48.8072222222222
"788",,36.7286111111111,48.8002775
"789",,28.4597213888889,48.7949991666667
"792",,30.0572241666667,48.7641669444444
"794",,27.7575011111111,48.7538894444444
"795",,32.50111,48.7538888888889
"796",,37.5386113888889,48.7444447222222
"798",,33.0694433333333,48.7333338888889
"800",,32.6008336111111,48.7216672222222
"801",,38.3780555555555,48.7125
"803",,38.3966658333333,48.7102777777778
"804",,32.7541680555556,48.7086119444444
"808",,29.4669438888889,48.7011119444444
"809",,26.6002761111111,48.6894447222222
"812",,32.8880555555556,48.6847222222222
"813",,32.9469463888889,48.6836097222222
"814",,38.37889,48.6783347222222
"815",,38.0349988888889,48.6780555555556
"817",,32.6197216666667,48.6749997222222
"819",,37.5022241666667,48.6686113888889
"822",,32.6272216666667,48.6544436111111
"824",,38.1641658333333,48.6530555555555
"825",,33.1411111111111,48.6502777777778
"828",,32.9802775,48.6388883333333
"829",,35.2194452777778,48.6380552777778
"830",,37.9902769444444,48.6374986111111
"835",,35.8961111111111,48.6241669444444
"836",,35.2025002777778,48.6224994444444
"837",,38.3580555555556,48.6199988888889
"838",,38.3272233333333,48.6166675
"839",,37.00722,48.6163888888889
"840",,25.6858344444444,48.6086111111111
"842",,37.9872219444444,48.6005541666667
"844",,37.8252772222222,48.5952786111111
"846",,22.2830563888889,48.5911113888889
"847",,26.6633333333333,48.5908336111111
"852",,32.3777775,48.5744441666667
"853",,29.0902777777778,48.5713897222222
"858",,35.8563883333333,48.5597227777778
"862",,35.8402780555555,48.5530544444444
"871",,35.1027763888889,48.5469441666667
"872",,28.7169441666667,48.5466663888889
"874",,34.4019441666667,48.5449997222222
"877",,35.8066658333333,48.5408338888889
"880",,34.4411116666667,48.5338880555555
"881",,34.5347205555556,48.5324991666667
"882",,25.7533338888889,48.5302791666667
"884",,25.0608333333333,48.5269438888889
"887",,28.8144436111111,48.5208327777778
"888",,25.0849997222222,48.5205563888889
"889",,24.6194441666667,48.5197227777778
"891",,28.7588891666667,48.5152783333333
"895",,37.0438875,48.5074994444444
"897",,34.4727772222222,48.5069444444444
"902",,37.7199991666667,48.4941655555555
"903",,34.6458338888889,48.4927775
"905",,35.9666683333333,48.4911113888889
"910",,35.1327766666667,48.4813883333333
"912",,35.0936108333333,48.48
"919",,37.0586108333333,48.4722225
"920",,34.1927777777778,48.4708330555556
"922",,34.0116675,48.4683325
"928",,38.17889,48.4561116666667
"930",,34.8569452777778,48.4416669444444
"932",,22.7183333333333,48.4361105555556
"933",,22.2199902777778,48.4350908333333
"935",,26.8491669444444,48.4311116666667
"938",,22.2177786111111,48.4277777777778
"939",,37.7780563888889,48.4269436111111
"940",,22.7011116666667,48.4266675
"942",,36.0597202777778,48.4219458333333
"943",,33.6705555555556,48.42
"944",,33.6833322222222,48.4194452777778
"946",,37.9133344444444,48.4166658333333
"947",,37.2127788888889,48.4147216666667
"948",,25.5636141666667,48.4105558333333
"950",,37.95639,48.4052783333333
"952",,27.4797222222222,48.4027786111111
"953",,37.9605563888889,48.4027780555555
"955",,37.9669433333333,48.4000008333333
"957",,28.8230558333333,48.3991655555555
"961",,22.5794458333333,48.3944444444444
"968",,22.3276469444444,48.3876352777778
"969",,33.6086105555556,48.3869441666667
"970",,35.0049983333333,48.3830561111111
"974",,30.0733338888889,48.3711113888889
"976",,36.3427794444444,48.3722222222222
"979",,37.1947236111111,48.3622241666667
"980",ЖОВТІ ВОДИ II,33.5158325,48.3622225
"981",,25.7480552777778,48.3613891666667
"983",,38.4113902777778,48.3547222222222
"984",,38.4227780555556,48.3547216666667
"988",,22.4058336111111,48.3508344444444
"990",,29.5527772222222,48.3441663888889
"992",,31.4736113888889,48.3366680555555
"995",,29.856945,48.3358338888889
"996",,38.0558352777778,48.3349994444444
"997",,35.5111127777778,48.3305544444444
"1000",,30.5813886111111,48.3277780555555
"1002",,37.1927780555556,48.3277780555555
"1005",,38.4794438888889,48.3208338888889
"1009",,25.9216672222222,48.3155547222222
"1010",,38.2463886111111,48.3174986111111
"1011",,38.2672230555556,48.3144452777778
"1017",,30.0077775,48.3130561111111
"1020",,38.3380544444444,48.3094438888889
"1021",,38.0572230555556,48.3052783333333
"1025",,37.1955555555556,48.2988880555556
"1030",,37.1399991666667,48.2900008333333
"1033",,37.1791666666667,48.2844438888889
"1034",,37.1938872222222,48.2833330555556
"1038",,33.6036113888889,48.2750002777778
"1039",,29.2519438888889,48.2830566666667
"1043",,28.9313908333333,48.2663888888889
"1045",,28.9516666666667,48.2630547222222
"1046",,37.9902780555556,48.2625005555556
"1050",,37.8408333333333,48.2613877777778
"1052",,27.5144441666667,48.2577786111111
"1054",,38.4813905555555,48.2555547222222
"1056",ВИЖНИЦЯ,25.2108330555556,48.2536105555555
"1060",,31.4097213888889,48.2397216666667
"1064",,37.1888891666667,48.2319447222222
"1066",,37.6375005555556,48.2302786111111
"1067",,31.4105561111111,48.2294436111111
"1068",,28.9558313888889,48.2272222222222
"1069",,37.3202766666667,48.2255555555556
"1072",,33.5216669444444,48.2230552777778
"1073",,28.9480547222222,48.2224994444444
"1078",,37.3977788888889,48.2163905555555
"1079",,38.4861111111111,48.2130561111111
"1083",,31.3922241666667,48.2013897222222
"1084",,22.6250002777778,48.1952777777778
"1088",,23.2669425,48.1800002777778
"1092",,33.5083325,48.1602775
"1093",,32.7636111111111,48.1580566666667
"1099",,23.1353419444444,48.1505125
"1105",,37.7241655555556,48.1408344444444
"1106",,37.8680558333333,48.1408338888889
"1109",,33.5147230555556,48.1383338888889
"1110",,23.0311097222222,48.1308341666667
"1115",,37.7558319444445,48.1136105555556
"1117",,36.3741675,48.1113888888889
"1124",,25.8288883333333,48.0952780555556
"1126",,32.7736119444444,48.0936111111111
"1127",,37.7733322222222,48.0919447222222
"1128",,33.50611,48.0908338888889
"1136",,36.2972205555555,48.0875008333333
"1138",,37.2908325,48.0861097222222
"1142",,33.6022233333333,48.0827775
"1154",,25.9388888888889,48.0652772222222
"1158",,33.6391666666667,48.0622222222222
"1160",,37.3447225,48.0611113888889
"1163",,33.3633336111111,48.0569452777778
"1175",,33.4711116666667,48.0319447222222
"1182",,37.7213888888889,48.0213883333333
"1183",,33.3936122222222,48.02
"1192",,37.2763877777778,47.9975002777778
"1194",,23.6993305555556,47.9974086111111
"1196",КУРАХІВКА,37.3852761111111,48.0350011111111
"1197",,37.4927783333333,47.9852761111111
"1202",,33.4100019444444,47.9766661111111
"1203",,25.9675775,47.9728061111111
"1204",,37.6738894444444,47.9727772222222
"1206",,37.6600016666667,47.9527780555555
"1207",,33.5083341666667,47.9527769444444
"1213",,33.0541666666667,47.9458325
"1214",,33.3233333333333,47.9413897222222
"1215",,25.9672244444444,47.9375
"1216",,33.2855555555556,47.935555
"1217",,33.3644438888889,47.9352777777778
"1219",,35.3833338888889,47.9288888888889
"1220",,23.8991661111111,47.9222213888889
"1224",,37.6649988888889,47.9158344444444
"1225",,23.9211119444444,47.9147219444444
"1228",,33.4272236111111,47.9002769444444
"1229",,35.3383336111111,47.8980558333333
"1230",,29.3208330555555,47.8975005555556
"1231",,37.6972225,47.8961105555556
"1232",,35.2538891666667,47.8933319444444
"1233",,24.1461102777778,47.8930547222222
"1236",,33.2033327777778,47.8883330555556
"1237",,24.1439813888889,47.8869325
"1238",,33.4555555555555,47.8772227777778
"1239",,33.3888888888889,47.8749986111111
"1240",,33.3636111111111,47.8719452777778
"1241",,35.1916683333333,47.8644452777778
"1242",,25.99472,47.8636105555555
"1243",,35.1475,47.8622225
"1244",,33.4091663888889,47.8613894444444
"1247",,33.2747219444445,47.8586108333333
"1248",,34.9677775,47.8549997222222
"1252",,29.5024994444444,47.8486111111111
"1257",,37.6449997222222,47.8288886111111
"1261",,35.1711122222222,47.8144455555556
"1264",,35.1008333333333,47.8125002777778
"1265",,35.1940577777778,47.8104077777778
"1272",,35.175,47.7980555555555
"1274",,35.2424986111111,47.798055
"1282",,27.9180552777778,47.7827777777778
"1286",,37.5127786111111,47.7744438888889
"1289",,28.9936116666667,47.7625008333333
"1298",,37.4874988888889,47.7244452777778
"1300",,26.1352777777778,47.7188897222222
"1314",,33.6869436111111,47.6802766666667
"1316",,26.2452791666667,47.6713902777778
"1317",,33.7177783333333,47.6594441666667
"1322",,34.6377769444444,47.6516669444444
"1323",,31.3175013888889,47.6486111111111
"1329",,34.7188894444444,47.6297225
"1332",,34.1344438888889,47.6188888888889
"1335",,26.4408325,47.5975
"1336",,37.5061122222222,47.5922219444444
"1337",ЕНЕРГОДАР,34.7291661111111,47.5908341666667
"1339",,34.4025002777778,47.5847227777778
"1342",,37.5005541666667,47.5691675
"1351",,36.2475013888889,47.478055
"1353",,37.1375027777778,47.4752772222222
"1357",,31.284445,47.4583330555556
"1360",,37.6550005555555,47.4405552777778
"1363",,26.5844452777778,47.4325008333333
"1372",,36.685555,47.3177780555556
"1373",,37.60861,47.3122216666667
"1381",,31.0380533333333,47.2997213888889
"1388",,26.7094438888889,47.2472213888889
"1396",,27.2825,47.2177780555555
"1398",,27.7983333333333,47.2138888888889
"1401",,36.3102775,47.2111116666667
"1404",,36.0177780555556,47.2038883333333
"1407",,27.3722208333333,47.1975
"1409",,30.8411122222222,47.1772230555555
"1411",,27.5641675,47.1683338888889
"1413",,37.5700011111111,47.1566666666667
"1415",,27.5900005555556,47.1533344444444
"1424",,32.7863886111111,47.0750005555555
"1427",,35.3275008333333,47.0661116666667
"1431",,34.9266661111111,47.0391672222222
"1438",,31.9899988888889,47.0141669444444
"1439",,30.0466663888889,47.0038886111111
"1440",,32.1149994444444,46.9644444444444
"1441",,34.4036105555556,46.9513891666667
"1442",,26.8988888888889,46.9508325
"1443",,26.9252777777778,46.9516666666667
"1446",,32.0613880555556,46.9480555555555
"1447",,32.0466666666667,46.9302772222222
"1454",,30.0525,46.8544447222222
"1461",,36.7797208333333,46.7852772222222
"1462",,27.5486113888889,46.7777777777778
"1470",,32.6916666666667,46.7166666666667
"1489",,27.8136116666667,46.5083330555556
"1498",,30.6805552777778,46.4499991666667
"1505",,30.6716666666667,46.4047216666667
"1511",,28.9683322222222,46.3216669444444
"1512",,28.8933336111111,46.3525008333333
"1514",,30.5755566666667,46.3177783333333
"1517",,27.7180552777778,46.2663891666667
"1519",,28.194165,46.2638888888889
"1520",,28.1334227777778,46.2525572222222
"1521",,30.5483322222222,46.2525
"1525",,34.6416675,46.2263897222222
"1540",,29.3938886111111,45.9808341666667
"1541",,29.2811102777778,45.9486105555555
"1555",,29.2205558333333,45.8575008333333
"1579",,34.4038908333333,45.7305552777778
"1629",ЗЕРНОВЕ,34.0261899640638,52.1833598244798
"1630",ЗЕРНОВО  (ЕКСП.),34.0261995854856,52.183387806072
"1631",НОВГОРОД-СІВЕРСЬКИЙ,33.2547917000816,51.9978164749024
"1632",СЕМЕНІВКА,32.5869392487695,52.2107126926971
"1633",ШОСТКА,33.4679454446123,51.8526753996896
"1634",ЯНПІЛЬ,33.7426893821601,51.911713460934
"1635",ГОЛУБИЧІ,31.1118444350274,51.778685672312
"1636",ГРИБОВА РУДНЯ,31.148888759763,51.9661466576085
"1637",ГОРНОСТАЇВКА,31.1417423057921,52.0531656133365
"1638",ТЕРЕЩЕНСЬКА,33.4762404028049,51.7683932236321
"1639",КОРЮКІВКА,32.2611789524111,51.7532951801594
"1640",ХОРОБИЧІ  (ЕКСП.),31.4804102930618,52.0286571818972
"1641",ГОРОДНЯ,31.6312096849137,51.9085462668978
"1642",КАМКА,31.7744917186916,51.8571854388022
"1643",СНОВСЬК,31.9363003577191,51.8099837298385
"1644",СВЕСА,33.9483514809107,51.9544259545482
"1645",ХУТІР-МИХАЙЛІВСЬКИЙ,33.9431651152184,52.0446255478895
"1646",УДРИЦЬК  (ЕКСП.),26.7503989457874,51.7473325662517
"1647",УДРИЦЬК,26.7503976815241,51.7473304598471
"1648",ЧЕРНІГІВ ПІВНІЧНИЙ,31.2483724696668,51.5197847273831
"1649",ХАЛЯВИН,31.2107520476396,51.5966403105106
"1650",ГЛУХІВ,33.9281858342014,51.6750397485908
"1651",ЖУКОТКИ,31.0123060468367,51.500555438051
"1652",НЕДАНЧИЧІ,30.6362084650137,51.5132336205178
"1653",ВІЛЬЧА,29.4404055116533,51.3578231181566
"1654",ОВРУЧ,28.8175981533003,51.3252848988098
"1655",ТОВКАЧІВСЬКИЙ,28.8753460621792,51.3862963624246
"1656",БЕРЕЖЕСТЬ  (ЕКСП.),28.9535700799448,51.4694343570837
"1657",БЕРЕЖЕСТЬ,28.9538359547552,51.4697701442887
"1658",САРНИ,26.6027505210821,51.3387687047471
"1659",АНТОНІВКА,26.302420651559,51.3124105493768
"1660",КАМІНЬ-КАШИРСЬКИЙ,24.9544459663938,51.6059183556551
"1661",ВИРІВКА,33.1571700522154,51.2616456117241
"1662",АЛТИНІВКА,33.2217289053083,51.4517821682534
"1663",КРОЛЕВЕЦЬ,33.360217112383,51.5536100680736
"1664",ВЕРБКА,24.685288763652,51.2347960165262
"1665",ЗАБОЛОТТЯ,24.2496907140822,51.6284748035606
"1666",ЗАБОЛОТТЯ ( ЕКСП.),24.2498072897268,51.6283741375955
"1667",ВИЖВА (РЗД),24.4214357213756,51.4403579030732
"1668",РАФАЛІВКА,25.9918776424503,51.2999665277726
"1669",МАНЕВИЧІ,25.5337536317824,51.2921614154525
"1670",ТРОЯНІВКА,25.3377072763328,51.2872733390335
"1671",ПОВУРСЬК,25.1330567013298,51.2717082893842
"1672",КОВЕЛЬ,24.7034726123147,51.2154927233576
"1673",КОНОТОП,33.188823758849,51.2245933684667
"1674",БАХМАЧ-ПАСАЖИРСЬКИЙ,32.8415476668362,51.1847094305148
"1675",МЕНА,32.2365542834041,51.5333540482284
"1676",ДОЧ,32.583498924519,51.3168068045945
"1677",БАХМАЧ-КИЇВСЬКИЙ,32.8000026283375,51.1789843072033
"1678",ВОРОЖБА,34.2175284597368,51.1635138736688
"1679",ПУТИВЛЬ,33.844016737962,51.2008365534271
"1680",МАЦЕЇВ,24.3642931082983,51.2372217486846
"1681",ЛЮБОМЛЬ,24.04048685721,51.2178019309453
"1682",ЯГОДИН (ЕКСП. ПКП),23.8961012052356,51.1977019484794
"1683",ЯГОДИН,23.8960921117149,51.19770039437
"1684",БАХМАЧ-ГОМЕЛЬСЬКИЙ,32.8183009111155,51.1784680002019
"1685",КЛЕСІВ,26.8915175549504,51.3102894913973
"1686",ТОМАШГОРОД,27.0683974882263,51.2998829826974
"1687",РОКИТНЕ-ВОЛИНСЬКЕ,27.220092759609,51.2681555791683
"1688",ОСТКИ,27.3677877260782,51.2609710234663
"1689",ІГНАТПІЛЬ,28.7039033249653,51.1454255992915
"1690",БІЛОКОРОВИЧІ,28.0502457412328,51.1137681146464
"1691",ХАЙЧНОРИН,28.5847211111111,51.2838888888889
"1692",ВЕЛІДНИКИ,28.4924796551978,51.2894445309877
"1693",ДУБОВ’ЯЗІВКА,33.4052794444444,51.1380555555556
"1694",ІМ. БОРИСА ОЛІЙНИКА,31.6646429982981,51.36684402977
"1695",ЧЕРНІГІВ,31.2595610792915,51.4858818932756
"1696",БІЛОПІЛЛЯ,34.2487909675794,51.1327652715905
"1697",РАДОШИН,24.9619812645478,51.1705656741421
"1698",НІЖИН,31.8880675104163,51.0187338428136
"1699",ЛИПІВ РІГ,31.928698549216,51.0740163631788
"1700",ВИРИ,34.3709174243119,51.0169907940199
"1701",КОРОСТЕНЬ-ПОДІЛЬСЬКИЙ,28.6010539089596,50.9904109243875
"1702",СОКОРИКИ,28.633886599725,51.0222344725366
"1703",БЕХИ,28.6675512167837,51.0751484407418
"1704",ТУРІЙСЬК,24.5351712218921,51.0786978814648
"1705",ЛЮБЛИНЕЦЬ-ВОЛИНСЬКИЙ (РЗД),24.6213772446432,51.1769424229978
"1706",КОРОСТЕНЬ- ЖИТОМИРСЬКИЙ,28.5953755619649,50.9636228693759
"1707",КОРОСТЕНЬ,28.61611,50.9516661111111
"1708",МОКВИН,26.5043496506245,50.9884716302601
"1709",МАЛИНСЬК,26.5382662935635,51.0967195613829
"1710",ОВАДНЕ,24.3855643369434,50.9281828232198
"1711",КАЧАНІВКА,32.6792217952654,50.887322638182
"1712",ГОЛОВАШІВКА,34.5642362544542,50.965425778731
"1713",ВІРИНСЬКИЙ ЗАВОД,34.5649304923186,50.9651680696191
"1714",ТОРОПИЛІВКА,34.6691070763117,50.9371941510377
"1715",СУМИ,34.7959037365497,50.9145831405692
"1716",СУМИ-ТОВАРНА,34.8425231192998,50.8897262476096
"1717",БАСИ,34.8732848372682,50.8595189388105
"1718",ГОЛОБИ,25.0043974388409,51.0775668296927
"1719",РОЖИЩЕ,25.2508868173915,50.9086785968624
"1720",НОСІВКА,31.6005567671173,50.9046081067921
"1721",ІЧНЯ,32.3961166551904,50.8482562851654
"1722",ШАТРИЩЕ,28.7088968223717,50.9284003510628
"1723",МАЛИН,29.2851599299842,50.7661048721802
"1724",СИРОВАТКА,34.8537092704828,50.7930438120892
"1725",КРАСНОПІЛЛЯ,35.2424849984337,50.7664980535229
"1726",КОРЧАКІВКА,35.1326490218405,50.811448024796
"1727",ІЗОВ,24.0588891666667,50.8127775
"1728",ІЗОВ (ЕКСП. ПКП),24.059372499348,50.8127775685829
"1729",КІВЕРЦІ,25.4588318625493,50.8256007845809
"1730",ОЛИКА,25.7383494741164,50.7802478645014
"1731",КЛЕВАНЬ,26.0265628869456,50.7445903994877
"1732",ПЕНИЗЕВИЧІ,29.3643586072871,50.7300888985846
"1733",ІРША,29.4518735927555,50.7215792182989
"1734",ТЕТЕРІВ,29.5983357046272,50.6973248662417
"1735",ЛЮБОМИРСЬК,26.3766696399737,50.7672254262274
"1736",КОСТОПІЛЬ,26.4377673124583,50.8727305034629
"1737",ОБАРІВ,26.176569379386,50.6739100708489
"1738",ВОЛОДИМИР-ВОЛИНСЬКИЙ,24.3229449901432,50.8461978879334
"1739",ІВАНИЧІ,24.3680309046486,50.6379196323793
"1740",БОРОМЛЯ,34.8638779673215,50.65523672651
"1741",ГАЛКА,32.1886850979475,50.7052117359551
"1742",ЛОСИНІВКА,31.9903997326094,50.8753249284268
"1743",ГРАНІТНИЙ,28.3846091043375,50.916221778583
"1744",ЯБЛУНЕЦЬ,28.063873106401,50.8076019371931
"1745",НОВОГРАД-ВОЛИНСЬКИЙ I,27.5858473921911,50.5992374365262
"1746",ПРИЛУКИ,32.3741584687969,50.578675893178
"1747",НОВА БОРОВА,28.6250920239863,50.6912948890475
"1748",СПАРТАК,29.7391814084766,50.6729039822861
"1749",БОРОДЯНКА,29.8891087844137,50.6248059142883
"1750",КЛАВДІЄВО,30.0042207937636,50.5786089237089
"1751",НЕМІШАЄВЕ,30.0837477690258,50.5572725378541
"1752",БУЧА,30.2207158455521,50.5454924269629
"1753",РІВНЕ,26.2247764550596,50.6297138444227
"1754",ЗДОЛБУНІВ,26.2580635654631,50.5273661579568
"1755",ЛЕБЕДИНСЬКА,34.488552542176,50.5750281554279
"1756",ІРПІНЬ,30.2448915107312,50.5196536085332
"1757",БІЛИЧІ,30.3364684781517,50.4891403909491
"1758",СВЯТОШИН,30.3978870151032,50.4605434039201
"1759",ГОРБАШІ,28.6803581054388,50.4544040839599
"1760",ТОПОРИЩЕ,28.6551308768678,50.5366887081604
"1761",БОБРОВИЦЯ,31.3698084935462,50.765428711604
"1762",ЗАВОРИЧІ,31.1326412386788,50.6920512650526
"1763",БОБРИК,31.0359709988757,50.6476973534807
"1764",БРОВАРИ,30.8130003017746,50.5148466510303
"1765",ОЗЕРЯНИ,26.0346083625702,50.4579761228875
"1766",КИЇВ-ЛІСКИ,30.6686122222222,50.4458327777778
"1767",ДАРНИЦЯ,30.6506067805931,50.4272822356868
"1768",ПОЧАЙНА,30.4989660316489,50.4801928432541
"1769",КИЇВ-ДНІПРОВСЬКИЙ,30.5982044417108,50.4627412089785
"1770",КИЇВ-ПАСАЖИРСЬКИЙ,30.4833319444445,50.4316663888889
"1771",КИЇВ-ТОВАРНИЙ,30.4983788511757,50.4258096842839
"1772",КИЇВ-ДЕМІЇВСЬКИЙ,30.5380935006597,50.4068645427828
"1773",КИЇВ-ВОЛИНСЬКИЙ,30.4315051037616,50.4120612389525
"1774",ЧЕРВОНОГРАД,24.220174728862,50.3991683594382
"1775",СОКАЛЬ,24.2480967303135,50.463370282666
"1776",ОДНОРОБІВКА,35.8549749178559,50.4168055470961
"1777",РУБАНКА,32.948061515012,50.9390927622186
"1778",ТАЛАЛАЇВКА,33.1397667647391,50.8445812639475
"1779",РОМНИ,33.4560804718453,50.7446654975165
"1780",ЗАСУЛЛЯ,33.4829048819817,50.6982577322756
"1781",БІЛОВОДИ,33.4850928731485,50.6577882596639
"1782",АНДРІЯШІВКА,33.3700637085965,50.565917116898
"1783",ЮСКІВЦІ,33.3244644189951,50.4695475585625
"1784",СУЛА,33.3978042290944,50.3972562060671
"1785",ІМ. ГЕОРГІЯ КІРПИ,30.7652149377021,50.4146527290305
"1786",ТРОСТЯНЕЦЬ-СМОРОДИНЕ,34.9627601770892,50.4804270049383
"1787",ОСТРОГ,26.4922491188588,50.4326644620285
"1788",КРИВИН,26.6961368614991,50.3549256330065
"1789",ГАДЯЧ ІМ. СЕРГІЄНКА МИКОЛИ ІВАНОВИЧА,33.9788532170555,50.3723901001422
"1790",ВЕНЕСЛАВІВКА,33.7369222909561,50.3632328589394
"1791",ЛОХВИЦЯ,33.460875528024,50.3732891488518
"1792",ДУБНО,25.7525565579591,50.386778134546
"1793",КОРОСТИШІВ,29.0199879478309,50.3176978071769
"1794",ОХТИРКА,34.9170953323582,50.3143536509969
"1795",СМОЛКА,27.6587624304111,50.5469721558082
"1796",СІЛЬЦЕ,26.6926017226933,50.3170092643157
"1797",ДАЧНЕ,25.4016864146783,50.8183158724782
"1798",ЛУЦЬК,25.3419435613103,50.7504859530806
"1799",ГНІДАВА,25.3106860205273,50.6917338649207
"1800",НЕСВІЧ-ВОЛИНСЬКИЙ,25.1502312466248,50.6135455805932
"1801",СЕНКЕВИЧІВКА,25.0292424574004,50.5288365253974
"1802",ЗВИНЯЧЕ,24.9128489216473,50.5125997908696
"1803",ГОРОХІВ,24.8160577638309,50.4489347074397
"1804",СТОЯНІВ,24.6669677227187,50.3767920307293
"1805",КРОШНЯ,28.6692908641313,50.2902309525493
"1806",БІЛГОРОДКА,30.3052777777778,50.3461125
"1807",ВИШНЕВЕ,30.3703730760503,50.3840648308986
"1808",БЕЛЗ,24.0213503571098,50.3866038782082
"1809",СЛАВУТА I,26.8843177713953,50.3189826712358
"1810",РАВА-РУСЬКА,23.6181510036069,50.2281560473108
"1811",ЖИТОМИР,28.70074741325,50.268849477805
"1812",ВАСИЛЬКІВ I,30.2254334807753,50.2257152408728
"1813",РАДУЛИНО,27.3975361825457,50.3564369285686
"1814",МАЙДАН-ВИЛА,27.3034253749003,50.2926387864324
"1815",ШЕПЕТІВКА,27.0634800496801,50.1936740548041
"1816",ВАСИЛЬКІВ II,30.3149133982448,50.1690708529849
"1817",КИРИКІВКА,35.1283331868836,50.336722460894
"1818",ГУБАРІВКА,35.3744190347892,50.1809271696193
"1819",ГУТИ,35.3673022265196,50.141540718523
"1820",СТАНИШІВКА,28.7900700042251,50.2018777540941
"1821",БОРИСПІЛЬ,30.9437084618648,50.370758936707
"1822",БАРИШІВКА,31.3145716814445,50.3419598278804
"1823",БЕРЕЗАНЬ,31.497174807742,50.3212094196823
"1824",ПЕРЕЯСЛАВСЬКА,31.6482319643502,50.2586627322173
"1825",ЯГОТИН,31.7959198804493,50.237719258675
"1826",КОНОНІВКА,32.1063939055273,50.1772722174632
"1827",ПИРЯТИН,32.5059920065777,50.2382216227943
"1828",ГРАБАРІВКА,32.4173958048275,50.3702112425215
"1829",ЛИНОВИЦЯ,32.377974261484,50.472357038395
"1830",ГРЕБІНКА,32.4322808433399,50.1288899675599
"1831",ШЕПЕТІВКА-ПОДІЛЬСЬКА,27.0719213858726,50.1645580940623
"1832",КРЕМЕНЕЦЬ,25.7047213888889,50.1105555555555
"1833",СМИГА,25.7615220511277,50.2398063695364
"1834",РАДЕХІВ,24.6270191291514,50.2845739408589
"1835",КАМ’ЯНКА-БУЗЬКА,24.356334066951,50.0996949265604
"1836",САПІЖАНКА,24.3314645144853,50.0879077133802
"1837",СОСНІВКА,24.257121466823,50.2892784577825
"1838",ДОБРОТВІР,24.3382667129133,50.197437693149
"1839",РУДНЯ-ПОЧАЇВСЬКА,25.4982013080719,50.2224502086488
"1840",РАДИВИЛІВ,25.2582843647516,50.1220017700875
"1841",БРОДИ,25.140506062495,50.0731828766547
"1842",ФАСТІВ I,29.9284128548025,50.0810880822033
"1843",СКОЧИЩЕ,29.3822180998138,50.0989014969994
"1844",ЗОЛОЧІВ,35.9745831667011,50.2811863198066
"1845",СЕНЧА,33.4344612517016,50.1994705074983
"1846",ЧОТИРБОКИ,27.0120093930954,50.0274449418712
"1847",БОГОДУХІВ,35.4928026349051,50.1604307452172
"1848",МАКСИМІВКА,35.7012818533521,50.0922278318274
"1849",МЕРЧИК,35.7613982313742,50.0038451758589
"1850",ХАРКІВ-СОРТУВАЛЬНИЙ,36.1692685328353,50.0218999110049
"1851",ДЕРГАЧІ,36.1291679276184,50.0997584585982
"1852",КОЗАЧА ЛОПАНЬ,36.1928750177737,50.3355934891487
"1853",КОЗАЧА ЛОПАНЬ  (ЕКСП.),36.1941057122271,50.3361876389727
"1854",БУРЛУК,37.3990651440691,50.0361536886391
"1855",ПРИКОЛОТНЕ,37.3417730140407,50.1560802170172
"1856",БІЛИЙ КОЛОДЯЗЬ,37.0968191254045,50.2002340897911
"1857",ВОВЧАНСЬК,36.9131971948385,50.2752234184887
"1858",РОМОДАН,33.316849110392,50.0005440787238
"1859",ТАРНАВЩИНА,33.1556138023574,49.9872521500322
"1860",ЛАЗІРКИ,32.6427769403685,50.0926104376545
"1861",ВИЛИ,32.8089208380855,50.0537721153997
"1862",ЛУБНИ,32.9696894018398,50.0179344595811
"1863",СОЛОНИЦЬКА,33.0361223999229,49.9817681743316
"1864",ХАРКІВ-ПАСАЖИРСЬКИЙ,36.1891111693783,49.9862377134588
"1865",МИХАЙЛЕНКИ,28.2893652819648,49.9724372012619
"1866",ПОЛОННЕ,27.4878683848885,50.1337511908388
"1867",ПОНІНКА,27.5180561111111,50.1291675
"1868",МИРОПІЛЬ,27.6678902245561,50.0956391935355
"1869",ПЕЧАНІВКА,27.8002397231224,50.074530407294
"1870",РАЗІНЕ,27.9559756237017,50.0540981757972
"1871",ЧУДНІВ-ВОЛИНСЬКИЙ,28.1425568336352,50.0153862191539
"1872",ЯВОРІВ,23.4066675,49.9572222222222
"1873",КУРЯЖ,36.0796312250189,49.9831783900201
"1874",ЗАЛЮТИНЕ,36.1542958147352,49.9610069669522
"1875",НОВА БАВАРІЯ,36.1623441603588,49.9566454950111
"1876",ЛЮБОТИН-ЗАХІДНИЙ,35.8498953541643,49.9581628457848
"1877",ЛЮБОТИН,35.9299217819533,49.9467660301123
"1878",УСТИНІВКА,30.038948362339,49.9497118868142
"1879",ПОПІЛЬНЯ,29.4603463155343,49.9415120768378
"1880",СКВИРА,29.5940542700957,49.9623119893822
"1881",ВОДЯНА,35.3655283105351,49.9299201265809
"1882",КОВ’ЯГИ,35.555319486392,49.917682401831
"1883",ОГУЛЬЦІ,35.7575372241939,49.9273591746976
"1884",ОЖИДІВ-ОЛЕСЬКО,24.8167016222967,49.9755496963211
"1885",ДОБРОСИН,23.822137169114,50.121241718999
"1886",ЖОВКВА,23.968437881929,50.0506932961227
"1887",КУЛИКІВ,24.038379872177,49.9897117312545
"1888",БЕРДИЧІВ,28.6121672556194,49.8882113956329
"1889",ЗАПИТІВ,24.2108306621619,49.9245655247098
"1890",ДУБЛЯНИ-ЛЬВІВСЬКІ,24.0856319069497,49.8771845726399
"1891",БУДИ,36.0161105024547,49.8867449279037
"1892",ПІДЗАМЧЕ,24.0351946087504,49.8558542693584
"1893",КОЛОМАК,35.211348009907,49.8586531963847
"1894",ОСНОВА,36.2443141218181,49.9340360601338
"1895",ХАРКІВ-ЛІСКИ,36.2566641666667,49.9511116666667
"1896",ХАРКІВ-ВАНТАЖНИЙ,36.2568039706213,49.9512514153154
"1897",ХАРКІВ-БАЛАШОВСЬКИЙ,36.2758901816906,49.9598923905693
"1898",ІНДУСТРІАЛЬНА,36.3905536111111,49.9416666666667
"1899",РОГАНЬ,36.4141666666667,49.9020243107086
"1900",ТЕРНОВЕ,36.3496401361964,49.8491047895905
"1901",КРАСНЕ,24.6152031504585,49.913732004946
"1902",РЯСНА II,23.9325662305222,49.864083584772
"1903",КЛЕПАРІВ,23.9840973878743,49.8556578864156
"1904",ЛЬВІВ,23.9911912665565,49.8396542177437
"1905",ЯРЕСЬКИ,33.8891591529993,49.8187091042017
"1906",ГОГОЛЕВЕ,33.8234910804632,49.9125591975293
"1907",МИРГОРОД,33.6303394981755,49.9511629865928
"1908",МЕРЕФА,36.0393773448738,49.825173736605
"1909",СУДОВА ВИШНЯ,23.380046315796,49.7955198706489
"1910",МОСТИСЬКА I,23.1279177652664,49.8210743303758
"1911",МОСТИСЬКА II,23.0329972324494,49.8120638453311
"1912",ГОРОДОК-ЛЬВІВСЬКИЙ,23.6227264706313,49.7889162193309
"1913",ПЕРЕДДОНБАСІВСЬКА,36.562990153687,49.8274950062581
"1914",ЕСХАР,36.5641588080726,49.8272711996693
"1915",ЧУГУЇВ,36.6660438612071,49.8153468269653
"1916",БІЛА ЦЕРКВА,30.1029681209191,49.8060789074303
"1917",СКНИЛІВ,23.9340352908544,49.8211981508987
"1918",КОЗЯТИН II,28.7796131836599,49.7556560504524
"1919",РОТОК,30.1869455555555,49.7708344444444
"1920",СУХОЛІСИ,30.3662589613088,49.7355730522176
"1921",ЧОРНОРУДКА,29.0258009964231,49.8456006330498
"1922",БРІВКИ,29.2098382239119,49.9270686334758
"1923",АНТОНІНИ,26.9845793705301,49.7890113097577
"1924",СТАРОКОСТЯНТИНІВ I,27.1639583175727,49.7518714132962
"1925",МОЖ,36.0941965184897,49.7786147957562
"1926",ТОПОЛІ  (ЕКСП.),37.9136358478718,49.9574920222576
"1927",ТОПОЛІ,37.9122221231346,49.9568322934317
"1928",ДВОРІЧНА,37.7402891513021,49.848623129172
"1929",ГУСИНКА,37.4187005373016,49.8485612916235
"1930",КУП’ЯНСЬК-ПІВДЕННИЙ,37.6177780555555,49.7169444444444
"1931",ІЗЯСЛАВ,26.8282187856806,50.1090871984352
"1932",СУХОВОЛЯ,26.3803365522769,50.0098761986659
"1933",ЛЕПЕСІВКА,26.2148999740157,49.95548606805
"1934",ЛАНІВЦІ,26.0793689875967,49.8780510656262
"1935",ЗБАРАЖ,25.7595483759579,49.679687974563
"1936",РОКИТНЕ,30.5031520237684,49.6912330133817
"1937",ЗАОСКІЛЛЯ,37.6334758877235,49.7081426492503
"1938",КУП’ЯНСЬК-СОРТУВАЛЬНИЙ,37.6494287740612,49.674686891132
"1939",ПЕТРО КРИВОНІС,30.5379730269061,50.3547271992134
"1940",НОВІ БЕЗРАДИЧІ,30.6614795911028,50.1950506423045
"1941",ТРИПІЛЛЯ-ДНІПРОВСЬКЕ,30.7450824988828,50.1368213720564
"1942",КАГАРЛИК,30.7833333333333,49.8418708067062
"1943",МИРОНІВКА,30.9819281578632,49.65038316804
"1944",ДРАБОВЕ-БАРЯТИНСЬКЕ,32.2955417128078,49.9620226375157
"1945",ПАЛЬМІРА,32.1441749854954,49.7636539245746
"1946",ЗОЛОТОНОША I,32.0784428337131,49.6565166587848
"1947",КОРОБОЧКИНЕ,36.7356427962005,49.766141176832
"1948",ГРАКОВЕ,36.8662332254434,49.7262906918487
"1949",ШЕВЧЕНКОВЕ-ПІВДЕННЕ,37.1754407060808,49.6943123480501
"1950",СТАРОВІРІВКА,37.4447667415283,49.6764308592411
"1951",КУП’ЯНСЬК-ВУЗЛОВИЙ,37.6532037368345,49.6428437775824
"1952",КОВШАРІВКА,37.6535859678234,49.6429917455356
"1953",КОРДИШІВКА,28.7828894414065,49.640540001962
"1954",КОЗЯТИН I,28.8234417537671,49.7068684907602
"1955",ГЛИННА-НАВАРІЯ,23.891388700828,49.7357262131065
"1956",ЩИРЕЦЬ II,23.8750608522279,49.6538833124628
"1957",ОЛЬШАНИЦЯ,30.6454302299026,49.6524688935961
"1958",ЗМІЇВ,36.3716004284709,49.7083655115397
"1959",ЗАНКИ,36.4739586061833,49.6328260430152
"1960",БОЖКОВЕ,34.7883398287647,49.6569199676407
"1961",КОЧУБЕЇВКА,34.9709944066229,49.7431981105411
"1962",СКОРОХОДОВЕ,35.067855248819,49.782962766484
"1963",ПОЛТАВА-КИЇВСЬКА,34.5080558333333,49.6119447222222
"1964",СУПРУНІВКА,34.4731881704195,49.5947493167392
"1965",АБАЗІВКА,34.3505169827654,49.6070473168138
"1966",РЕШЕТИЛІВКА,34.1399311018535,49.6351310039702
"1967",САГАЙДАК,33.9716655555556,49.7241675
"1968",ПОЛТАВА-ПІВДЕННА,34.6008230629852,49.5818094553823
"1969",ТЕРНОПІЛЬ,25.5936586550408,49.5555252271174
"1970",ЗЛОЧІВ,24.8899008425013,49.7888551399229
"1971",ЗБОРІВ,25.1246223801976,49.6872288421475
"1972",ГЛИБОЧОК-ВЕЛИКИЙ,25.524489589989,49.6099483744999
"1973",БОГУСЛАВ,30.888638527003,49.560139105746
"1974",ХМІЛЬНИК,27.9821159208182,49.5561460905579
"1975",АДАМПІЛЬ,27.6690547427088,49.6650037177021
"1976",СТАРОКОСТЯНТИНІВ II,27.2788969837651,49.7419440524732
"1977",ХИРІВ,22.8530474273498,49.5327469762607
"1978",ЛЮБІНЬ-ВЕЛИКИЙ,23.7391712167471,49.7094518839516
"1979",КОМАРНО,23.6822990575481,49.655560028235
"1980",РУДКИ,23.4979286070481,49.6415384970023
"1981",ГОЛЕНДРИ,28.7105536111111,49.5686116666667
"1982",УЛАДІВКА,28.2039578808688,49.5071999874551
"1983",БЕРЕЗОВИЦЯ-ОСТРІВ,25.5930993361935,49.4841645417153
"1984",ГУЛІВЦІ,28.5854477751778,49.4899198589432
"1985",ОРДІВКА,35.9546082428197,49.7825551429703
"1986",ВОДОЛАГА,35.8684343563212,49.7123250880993
"1987",КВАРЦОВИЙ,35.8527949410735,49.6737556639243
"1988",ВЛАСІВКА,35.7144735506934,49.5943254534387
"1989",БЕРЕСТОВЕНЬКИ,35.5852457950756,49.4864042769682
"1990",КАЛИНІВКА II,28.5208371277585,49.4502772227624
"1991",КРАСИЛІВ,27.0156397626985,49.6585923377446
"1992",ГРЕЧАНИ,26.9237063978845,49.4381723519279
"1993",МАКСИМІВКА-ТЕРНОПІЛЬСЬКА,25.9034942906,49.5908550472436
"1994",ПІДВОЛОЧИСЬК,26.1380041590182,49.5178061866679
"1995",ВОЛОЧИСЬК,26.2052788888889,49.5266666666667
"1996",ВІЙТІВЦІ,26.4445944836143,49.4875352196584
"1997",НАРКЕВИЧІ,26.618953176596,49.5063345358262
"1998",ЧОРНИЙ ОСТРІВ,26.7405502616484,49.4887054288732
"1999",МАР’ЯНІВКА,26.7436104426921,49.4882291948902
"2000",КАЛИНІВКА I,28.513700835021,49.4367567340525
"2001",СОЛІДАРНИЙ,38.6195015623482,49.7869016545326
"2002",ЛАНТРАТІВКА,38.2877006794979,49.9238148635424
"2003",ГРАКІВКА (ЗП) (ЕКСП.),38.221881079457,49.9727380954838
"2004",ПОГРЕБИЩЕ I,29.2879789858863,49.441697617839
"2005",РЖЕВУСЬКА,29.3016666666667,49.5025
"2006",ПЕРСЕНКІВКА,24.0306134229964,49.8099406194967
"2007",СИХІВ,24.0765026500388,49.7886670626461
"2008",ДАВИДІВ,24.132137894783,49.7338980870159
"2009",ГЛІБОВИЧІ,24.2189270143851,49.6275739874281
"2010",БЕРЕЖАНИ,24.9519523908408,49.4453382938581
"2011",ЧЕРКАСИ,32.0477174573003,49.4296064860566
"2012",КОЗОВА,25.1642757883893,49.4286107147239
"2013",ДЕНИСІВ-КУПЧИНЦІ,25.3533207415572,49.4642022058497
"2014",ШЕБЕЛИНКА,36.6364992141124,49.539988522291
"2015",БАЛАКЛІЯ,36.8573837027081,49.4526100925753
"2016",БЕЗПАЛІВКА,36.1604292763414,49.588401444175
"2017",ПІДВИСОКЕ,24.7736651031608,49.3824931288847
"2018",РОГАТИН,24.6146458239415,49.3948973229438
"2019",ХОДОРІВ,24.3059284741072,49.4057441541569
"2020",САМБІР,23.2122403162492,49.5162638698114
"2021",ДРОГОБИЧ,23.5482963333598,49.3534853241749
"2022",СКАЛАТ,25.9610695947376,49.4132675118632
"2023",КРАСНОГРАД,35.4368174328055,49.3683022571977
"2024",ЛАННА,35.2225665807187,49.3566973396644
"2025",КАРЛІВКА,35.1141680555556,49.4505561111111
"2026",СЕЛЕЩИНА,34.8294441666667,49.4655555555556
"2027",ЖИДАЧІВ,24.1576798659287,49.3786869831717
"2028",БОРИСЛАВ,23.4358706474988,49.2958036466794
"2029",МИКОЛАЇВ-ДНІСТРОВСЬКИЙ,23.9388551729307,49.5059724293815
"2030",СТЕБНИК,23.5374553358284,49.2952874808067
"2031",ХОДОВИЧІ,23.9650784776911,49.2915486551402
"2032",ПОТУТОРИ,24.9766418233267,49.3739156914814
"2033",СТРИЙ,23.8424384855631,49.2592887306426
"2034",ГНІЗДИЧІВ,24.0996878961565,49.3257634361628
"2035",ВІННИЦЯ,28.5058364408177,49.2412527802444
"2036",ДЕНГОФІВКА,29.8004789591274,49.3053591552802
"2037",ТЕТІЇВ,29.7097925297073,49.3667400580616
"2038",БІЛОЗІР’Я,31.9470894728349,49.3102903286304
"2039",СМІЛА,31.8715916338595,49.2418225116835
"2040",ХОРОЛ,33.2040276734917,49.7843047531423
"2041",ВЕСЕЛИЙ ПОДІЛ,33.1688703298076,49.6022835477841
"2042",ГЛОБИНЕ,33.225467690725,49.3991204824693
"2043",РУБЛІВКА,33.3257082830389,49.2470709543357
"2044",ЛИПОВЕЦЬ,29.2205024892405,49.2465324960745
"2045",ЯРМОЛИНЦІ,26.8102241440207,49.1786173836321
"2046",СКІБНЕВО,26.8419444444444,49.3247227777778
"2047",ІМ. ОЛЕГА КРЮЧКОВА,37.6804780050802,49.4675747800444
"2048",ТАГАНЧА,31.1327967702113,49.5737966853594
"2049",КОРСУНЬ,31.3103931350462,49.4287038141756
"2050",ХЛИСТУНІВКА,31.4751599781851,49.2051607057756
"2051",ЦВІТКОВЕ,31.5308572874103,49.1551272729437
"2052",ПЕРЕГОНІВКА,31.7640888028945,49.2295520375966
"2053",БУРШТИН,24.6440862321414,49.2149801782204
"2054",САХНОВЩИНА,35.8735525340449,49.1491712449869
"2055",КЕГИЧІВКА,35.7595462152345,49.2823274262538
"2056",ЛІСОВОДИ,26.4761980991044,49.144381782734
"2057",ВІКТОРІЯ,26.6004099132947,49.168533629186
"2058",ПОТОКИ,33.6172194225445,49.1366512197225
"2059",ГАЛЕЩИНА,33.7516414318346,49.1727631652333
"2060",ГАННІВКА,33.8973367885401,49.2469905487158
"2061",КОБЕЛЯКИ,34.0992858911557,49.2384223279406
"2062",ЛІЩИНІВКА,34.2673131888841,49.2637553744845
"2063",НОВІ САНЖАРИ,34.3979382998336,49.3315529998935
"2064",ЛИСЯНКА,30.8461113888889,49.2200008333333
"2065",ТЕРЕШКІВКА,33.4264342805713,49.1638604635786
"2066",КАГАМЛИЦЬКА,33.4527144922744,49.1329826678627
"2067",МИКУЛИНЦІ-СТРУСІВ,25.6515949594306,49.3609406157359
"2068",ТЕРЕБОВЛЯ,25.6914551689178,49.2968707548898
"2069",ДЕРЕНІВКА,25.7760827819978,49.2427437475867
"2070",ХОРОСТКІВ,25.8994366457849,49.1902359607438
"2071",ВОРОНОВИЦЯ,28.7121923959639,49.1241365009485
"2072",ЛІВОБЕРЕЖНА,33.2407784910438,49.1217536985757
"2073",ВЕЛИКА КАХНІВКА,33.4516147756025,49.1048741616967
"2074",ЗАКОМЕЛЬСЬКА,37.1922208333333,49.3702783333333
"2075",ІЗЮМ,37.2994938935511,49.2142810626619
"2076",ЗАКУПНЕ,26.3200683065231,49.1126931890344
"2077",БРАЇЛІВ,28.1411205087358,49.0821438590884
"2078",ГНІВАНЬ,28.3290128172726,49.1031252508267
"2079",ГУСЯТИН,26.1837926718292,49.0734899314922
"2080",ОРАТІВ,29.381665,49.1672225
"2081",СИГНАЇВКА,31.4960438660579,49.0578289210182
"2082",СОРОКА,29.3521464602263,49.0671835493517
"2083",ЗУП. ПУНКТ 121 КМ (ЕКСП.),29.3185348241787,49.1215366624766
"2084",ХМЕЛЬНИЦЬКИЙ,26.999326939785,49.4019578379948
"2085",БОГДАНІВЦІ,27.1285309083421,49.3646103948732
"2086",ДЕРАЖНЯ,27.4301741803092,49.2576170295004
"2087",КОМАРІВЦІ,27.6633411908117,49.1878075311198
"2088",ВИГНАНКА,25.8591930998258,49.0343951398282
"2089",ГАДИНКІВЦІ,25.896141600094,49.0498939377543
"2090",КОПИЧИНЦІ,25.9275232936423,49.1013888529778
"2091",БАР,27.7182734248129,49.0350408466536
"2092",ЛИХАЧОВЕ,36.1969779520686,49.3787861376519
"2093",БІЛЯЇВКА,36.301045923201,49.2624836726767
"2094",КРАСНОПАВЛІВКА,36.3160721598368,49.1396863568414
"2095",ГЕРСЕВАНІВСЬКИЙ,36.3245854621778,49.031509832338
"2096",МАТЕЙКОВЕ,27.9491658333333,49.0344436111111
"2097",БУЧАЧ,25.3883330555556,49.0638880555555
"2098",БІЛОБОЖНИЦЯ,25.6846026844678,49.0316817165128
"2099",ЧОРТКІВ,25.7885278561438,49.0274039945558
"2100",ЗОЛОТНИШИНЕ,33.6396253408675,49.0130770795069
"2101",РЕДУТИ,33.6211122222222,49.03
"2102",МОНАСТИРИЩЕ,29.7121107910178,49.0027869262108
"2103",СВЯТОГІРСЬК,37.5509297265194,49.0757423105338
"2104",РУБІЖНЕ,38.375532952018,49.0030893492731
"2105",КРЕМІННЕ,38.2408323106641,49.0578631130547
"2106",КАБАННЕ,38.2199416782003,49.2288230845729
"2107",СВАТОВЕ,38.1671077940762,49.4092338969892
"2108",КУЗЕМІВКА,37.9560123473083,49.518680598388
"2109",КИСЛІВКА,37.8988444080262,49.6369721661108
"2110",КУРИЛІВКА,37.6690700903969,49.657590412204
"2111",ІСКРЕНЕ,31.2207416925375,48.9958738608778
"2112",БАГАЧЕВЕ,31.0457661073995,49.0140172500732
"2113",РОЖНЯТІВ,24.1601345401849,49.0009825133399
"2114",БОЛЕХІВ,23.8735004199191,49.0632674931922
"2115",СВІТЛОВОДСЬК,33.2457897376152,49.0277600275759
"2116",КРЮКІВ-НА-ДНІПРІ,33.4222225,49.0366203317305
"2117",КРЕМЕНЧУК,33.4300129803635,49.0673940746138
"2118",ШПОЛА,31.4004608927313,48.9918818583392
"2119",ГАЛИЧ,24.7320500866339,49.1366045901111
"2120",ДУБІВЦІ,24.78426210143,49.0892528263594
"2121",ЯМНИЦЯ,24.704189035711,48.9856251466833
"2122",ЦЕНЖІВ,24.596564658417,48.9994444474761
"2123",ЛИМАН,37.823536324458,48.9636623813849
"2124",ДОЛИНА,23.9811113888889,48.9872219444444
"2125",НОВОДРУЖІВСЬКА,38.3255432888834,48.9571824720118
"2126",ПАНЮТИНЕ,36.2764770649068,48.9423545213016
"2127",ОРІЛЬКА,36.0165211088093,48.9725594921038
"2128",ПРИДОНЕЦЬКА,37.6951040237369,48.9042285914966
"2129",ЗВЕНИГОРОДКА,30.9839451487026,48.9816073922422
"2130",ТАЛЬНЕ,30.7205563888889,48.8977772222222
"2131",ЯРОШЕНКА,28.2619394962308,48.8984359991022
"2132",ЖМЕРИНКА,28.0976971073941,49.0281854288309
"2133",ЛОЗОВА,36.3189627150627,48.8913593951018
"2134",НОВОЗОЛОТАРІВКА,38.2849991666667,48.8883336111111
"2135",ІВАНО-ФРАНКІВСЬК,24.7125691314492,48.9251016962965
"2136",ХРИПЛИН,24.7280533333333,48.8880558333333
"2137",ПЕРЕЇЗНА,38.4637631574467,48.8853421399605
"2138",НАСВІТЕВИЧ,38.3882733822091,48.9405770854203
"2139",СЛОВ’ЯНСЬКИЙ КУРОРТ,37.635529148482,48.8671415537227
"2140",ШЕВЧЕНКО,31.9026246129612,49.205906906549
"2141",КАМ’ЯНКА,32.0777489746428,49.0515816667136
"2142",ФУНДУКЛІЇВКА,32.2646685627521,48.9783788284132
"2143",ВЕЛИКИЙ БЕРЕЗНИЙ,22.4550851254928,48.8977550342198
"2144",ЖОРНАВА,22.6332302148365,48.986790655109
"2145",СЯНКИ,22.8945351403894,49.0207312161335
"2146",ТУРКА,23.0262020894398,49.1492589218898
"2147",ЯВОРА,23.0647227777778,49.1883327777778
"2148",СТАРИЙ САМБІР,23.0029546509786,49.4426289539697
"2149",ЕЛЕКТРИЧНА,37.7539796525103,48.8666056325184
"2150",СЛОВ’ЯНСЬК,37.5961942651177,48.8470333109559
"2151",БАНТИШЕВЕ,37.27423282138,48.867421843773
"2152",ГУСАРІВКА,37.1486411134928,48.8808693819437
"2153",ПОТАШ,30.3274523581174,48.9161826577922
"2154",ОЗЕРЯНИ-ПИЛАТКІВЦІ,25.9433661741001,48.8874640749354
"2155",ШМАНЬКІВЧИКИ,25.8775527544464,48.9887748207501
"2156",СІВЕРСЬК,38.0997161303891,48.8706621533627
"2157",СКАЛА-ПОДІЛЬСЬКА,26.1946305267921,48.8274511516233
"2158",ХРИСТИНІВКА,29.9700105711198,48.8106824789959
"2159",БАРВІНКОВЕ,37.0205586593314,48.8941669707035
"2160",ГАВРИЛІВКА,36.8079773556118,48.85024196914
"2161",БЛИЗНЮКИ,36.5391663888889,48.8486111111111
"2162",РАХНИ,28.4735029393011,48.7927033869011
"2163",ЛОСКУТІВКА,38.4246510866261,48.8052488542198
"2164",КОТЮЖАНИ,27.7494302335405,48.787291984902
"2165",ШПИЧКИНЕ,37.5398988226286,48.7626853861839
"2166",ІМ. КОЖУШКО О.М.,37.5811085407744,48.8373289256806
"2167",ПАВЛИШ,33.3336085034657,48.9146484362235
"2168",ЧОРНОЛІСЬКА,32.5188103202024,48.7546306108371
"2169",ЗНАМ’ЯНКА,32.6581053500157,48.7159353529879
"2170",СВІТЛАНОВЕ,38.4280868328173,48.7117499652212
"2171",НЕМИРІВ,28.8677885327754,48.9795356542662
"2172",КАРОЛІНА,28.949991863248,48.9218919380413
"2173",САМЧИНЦІ,29.0838642892616,48.8759497066621
"2174",ГАЙСИН,29.376047889635,48.7940023205242
"2175",ГУМЕНЦІ,26.6035991766623,48.7699735591424
"2176",НІГИН,26.605202897833,48.8285953256314
"2177",БАЛИН,26.634187857395,48.9067058944729
"2178",ДУНАЇВЦІ,26.8392716731893,49.0225346123684
"2179",САВИНЦІ,26.8374542912777,49.0899590877252
"2180",КОРИСТІВКА,33.0656020449222,48.7342318062797
"2181",ПАНТАЇВКА,32.8893325247833,48.6843388494426
"2182",СІЛЬ,38.0463849859862,48.7119073739
"2183",КРАМАТОРСЬК,37.5329794855294,48.7289801424335
"2184",КУБЛИЧ,29.6409242076486,48.6661437154762
"2185",КІНДРАШІВСЬКА-НОВА,39.4390103127622,48.6667271449887
"2186",ГОРОДНІЙ,39.2805882904099,48.7707294981657
"2187",КРАСНООЗЕРІВКА,39.0688850512796,48.8425105885537
"2188",НОВИЙ АЙДАР,39.0276377606273,48.9503478656776
"2189",СТАРОБІЛЬСЬК,38.9237416528631,49.2772014704698
"2190",ДЕКОНСЬКА,38.0804872532497,48.6697912269281
"2191",ОЛЕКСАНДРІЯ,33.1278943762604,48.6732590983195
"2192",ІВАНЕ-ПУСТЕ,26.1699399254561,48.6455908536932
"2193",БОРЩІВ,26.0615155513476,48.8039646719475
"2194",ЗАЧЕПИЛІВКА,35.2208052334279,49.219291701021
"2195",БУЗІВКА,35.1705774306667,49.1024541253013
"2196",ПЕРЕЩЕПИНЕ,35.2932486986563,49.0273607380984
"2197",КІЛЬЧЕНЬ,35.2654519241757,48.8784532175016
"2198",ГУБИНИХА,35.2636106878524,48.8148871998381
"2199",САМІЙЛІВКА,36.2322868252565,48.7603710708593
"2200",ВАРВАРІВКА,35.9950559983373,48.7009437728122
"2201",ПОПАСНА,38.3812163048882,48.6279945163866
"2202",ПОПАСНА II,38.3655818181332,48.6437133070228
"2203",ЛЕГЕНДАРНА,36.9805183642064,48.6297109953455
"2204",СТЕФАНЕШТИ,25.680965111821,48.6160297485591
"2205",КОСТРИЖІВКА,25.7158286072045,48.6426650303532
"2206",ЗАЛІЩИКИ,25.7386879604791,48.645326770422
"2207",ТОРСЬКЕ,25.7055558333333,48.7575287151678
"2208",ТОВСТЕ,25.7246354795584,48.8516729106482
"2209",КАМ’ЯНИЙ МІСТ,25.7455552777778,48.9030341074532
"2210",СТУПКИ,37.9882016443562,48.6314806052885
"2211",ЧАСІВ ЯР,37.8224749819128,48.5949562116371
"2212",ДУБРИНИЧІ,22.4824939458894,48.8064729505804
"2213",ПЕРЕЧИН,22.4818555237018,48.7271997959958
"2214",КАМ’ЯНИЦЯ,22.4216745183419,48.6914666499363
"2215",УЖГОРОД,22.2968226984884,48.611450172149
"2216",УЖГОРОД (ЕКСП. ЖСР),22.2967614260708,48.6113947220701
"2217",КАМ’ЯНЕЦЬ-ПОДІЛЬСЬКИЙ,26.5998662387842,48.6883512122451
"2218",КАНАТОВЕ,32.3864367265324,48.5895555995368
"2219",ЛАДИЖИН,29.2399194284556,48.6288963337422
"2220",ЗЯТКІВЦІ,29.4422407061598,48.7047028383267
"2221",АРОМАТНА,35.8944997818424,48.6229598719348
"2222",ПАВЛОГРАД I,35.8492988632016,48.5566679425972
"2223",ЖУРАВЛІВКА,28.7134639271844,48.5977053230953
"2224",УМАНЬ,30.2022187118965,48.730423080914
"2225",КАЛУШ,24.3400426339512,49.0202999335494
"2226",ОРЛІВЩИНА,35.4019942713863,48.6138240777167
"2227",НОВОМОСКОВСЬК-ДНІПРОВСЬКИЙ,35.2324205382235,48.6421256230883
"2228",БАЛІВКА,34.8393382275384,48.5955150147249
"2229",ВЕРЕНЧАНКА,25.7474358518988,48.5388645127892
"2230",МАРКІВЦІ,24.7758515477607,48.8148854672529
"2231",ОТИНЯ,24.8401733956025,48.7323374171525
"2232",КОЛОМИЯ,25.0546009369336,48.5306789415969
"2233",КИРНАСІВКА,28.995909711992,48.5699675290663
"2234",ДЕМКІВКА,29.0861539297468,48.5699008552161
"2235",ВАПНЯРКА,28.7457887266309,48.5342612019871
"2236",ГОРОДЕНКА-ЗАВОД,25.4769741721604,48.6848704439461
"2237",ТАРНОВИЦЯ,24.6051083772278,48.6904726390548
"2238",НАДВІРНА,24.5815890299747,48.6163769780222
"2239",ЗАСТАВНА,25.8564224365508,48.5351681054627
"2240",ВОСКОБІЙНЯ,34.459909191068,48.5197888969693
"2241",КОСТЯНТИНІВКА,37.7113869444444,48.5041655555556
"2242",КІНДРАТІВКА,37.6143192303043,48.5775596941036
"2243",ДРУЖКІВКА,37.5487716153804,48.6287908272279
"2244",ПРАВДА,34.6375002777778,48.5052777777778
"2245",ТРИТУЗНА,34.5978492308474,48.5217879971575
"2246",ПАВЛОГРАД II,35.9615415127686,48.4940680362998
"2247",КАМ’ЯНСЬКЕ,34.6046926302674,48.4889642396841
"2248",САМАРІВКА,35.1024507673441,48.5402037325033
"2249",НИЖНЬОДНІПРОВСЬК-ВУЗОЛ,35.1196462859524,48.4804161986302
"2250",ВЕРХНЬОДНІПРОВСЬК,34.3727133130453,48.5501495311748
"2251",ВЕРХІВЦЕВЕ,34.2249387965512,48.4913737094099
"2252",ВІЛЬНОГІРСЬК,34.0149084573211,48.4674067427764
"2253",РОТИ,38.2221504922308,48.5156882228971
"2254",СВІТЛОДАРСЬКЕ,38.1805527014156,48.4621473481211
"2255",НИЖНЬОДНІПРОВСЬК-ПРИСТАНЬ,35.0616669444444,48.4830558333333
"2256",НИЖНЬОДНІПРОВСЬК,35.061265323349,48.4830923863863
"2257",ДНІПРО-ГОЛОВНИЙ,35.0150626818316,48.4778247992534
"2258",КАЙДАЦЬКА,34.9861637600879,48.4730551109661
"2259",ГОРЯЇНОВЕ,34.9823835688914,48.4730552296511
"2260",ДІЇВКА,34.9111201371494,48.4659614315048
"2261",ЗАПОРІЖЖЯ-КАМ’ЯНСЬКЕ,34.650756230642,48.49189431878
"2262",СКОЛЕ,23.5114339767053,49.0265312897532
"2263",ГРЕБЕНІВ,23.4652240797865,48.9765269230977
"2264",ТУХЛЯ,23.4842844231023,48.9211318107905
"2265",ВОЛОВЕЦЬ,23.1859693085172,48.7054866678101
"2266",СВАЛЯВА,22.9878211797583,48.555062999081
"2267",КОЛЬЧИНО,22.7703836738524,48.466824216309
"2268",ЧОП,22.2046419118184,48.4350868299122
"2269",ЧОП (ЕКСП. ЖСР),22.2046314884244,48.4350851906029
"2270",МУКАЧЕВО,22.7101409367062,48.4305988690213
"2271",БОГУСЛАВСЬКИЙ,36.031219785355,48.4456691359891
"2272",КОРОЛІВКА,33.2264117356988,48.5827325880081
"2273",ЩАСЛИВА,33.3895529348118,48.5963897202794
"2274",П’ЯТИХАТКИ,33.7037543432472,48.4205253765253
"2275",ЕРАСТІВКА,33.9024798389713,48.4425770254443
"2276",ДОБРОПІЛЛЯ,37.0830087013053,48.4596154267672
"2277",МЕРЦАЛОВЕ,37.2193463556818,48.4239584208192
"2278",МАТІЇВЦІ,25.1683733110498,48.5088005619915
"2279",ЗАБОЛОТІВ,25.3058474114679,48.4688751450796
"2280",СНЯТИН,25.5014591681114,48.4222488294477
"2281",СОКИРЯНИ (ЕКСП.),27.3814919580341,48.4439972364558
"2282",СОКИРЯНИ,27.3813767707796,48.4448035888147
"2283",РОМАНКІВЦІ,27.250832054259,48.49626544776
"2284",УШИЦЯ,27.1952761111111,48.4977772222222
"2285",ВАСКАУЦИ,27.1345235645135,48.4677478412238
"2286",ЛАРГА  (ЕКСП.),26.8502339430781,48.4307561214494
"2287",ЛАРГА,26.85022875955,48.4307578487402
"2288",КУРДЮМІВКА,37.9584826911362,48.463999605687
"2289",БАХМУТ,37.9857482954717,48.5914347757141
"2290",КНЯЖЕВЕ,28.8060214750281,48.4683325078843
"2291",МОГИЛІВ-ПОДІЛЬСКИЙ  (ЕКСП.),27.7715325317952,48.4544889589217
"2292",МОГИЛІВ-ПОДІЛЬСЬКИЙ,27.7715134680418,48.4544978585987
"2293",ВЕНДИЧАНИ,27.7872212775721,48.6073068589756
"2294",КЛЮЧАРКИ (ЕКСП.),22.6426848585354,48.4133856485699
"2295",КЛЮЧАРКИ,22.6396152561252,48.4125420647236
"2296",ЕСЕНЬ,22.3122865785244,48.3933430813349
"2297",ЗУСТРІЧНИЙ,35.0158181040466,48.4008775954271
"2298",ДНІПРО-ЛІСКИ,34.9751066143005,48.4111057353982
"2299",ДНІПРО-ВАНТАЖНИЙ,34.9745675180931,48.4185522382228
"2300",ОБВІДНА,34.9568397646735,48.4279253119051
"2301",КІЦМАНЬ,25.7723374786721,48.4336102814421
"2302",НЕПОЛОКІВЦІ,25.6515143017346,48.3966213748462
"2303",СТРАБИЧОВО,22.564766706121,48.3895081173593
"2304",БАТЬОВО (ЕКСП. МАВ),22.3863970700384,48.3617490372787
"2305",БАТЬОВО,22.386332386857,48.3617838664491
"2306",НОВОУКРАЇНКА,31.5158681117066,48.3377539447757
"2307",ПЛЕТЕНИЙ ТАШЛИК,31.7249155491955,48.4625601826932
"2308",ШОСТАКІВКА,31.9705374374015,48.515452135137
"2309",КРОПИВНИЦЬКИЙ,32.2585982287758,48.5201860249941
"2310",СЕРДЮКІВКА,31.8034919542666,49.0333123899724
"2311",КАПІТАНІВКА,31.7065699119331,48.9169562030918
"2312",НОВОМИРГОРОД,31.6809962755759,48.794213781056
"2313",ВИСКА,31.6390524735008,48.6333437335466
"2314",УЛЯНІВКА,31.6394496577998,48.5957094844258
"2315",ОЛЕКСАНДРІВКА,31.6207861987976,48.5396678362311
"2316",КАПУСТИНЕ,31.5479846914773,48.471891304288
"2317",ДУКЛЯ,29.5035061778233,48.5994867175232
"2318",ГЕНРІХІВКА,29.6343460872361,48.4927308375052
"2319",ДЖУЛИНКА,29.7343682990712,48.454182589967
"2320",ГАЙВОРОН,29.8524049319452,48.3385342919995
"2321",СИНЕЛЬНИКОВЕ II,35.5132759010328,48.3315292955931
"2322",ІЛАРІОНОВЕ,35.2668358643384,48.4024002477281
"2323",ІГРЕНЬ,35.1817137690243,48.4667830514583
"2324",РОДИНСЬКА,37.194460126482,48.3613964071305
"2325",ЛУЖАНИ,25.7690717547327,48.355732563597
"2326",ЧЕРНІВЦІ-ПІВНІЧНА,25.9190281830557,48.3176658014485
"2327",ГРУШКИ,30.2448585258735,48.3186196250662
"2328",ГОЛОВАНІВСЬК,30.3951870499804,48.3518925311463
"2329",ХАЩУВАТЕ,29.9568763585193,48.3125553544841
"2330",ПЕТРОПАВЛІВКА,36.4872223014064,48.433841708065
"2331",МИКОЛАЇВКА-ДОНЕЦЬКА,36.3507035326321,48.3760456579059
"2332",ПОКРОВСЬК,37.1796228444106,48.2843931560537
"2333",КРИЖОПІЛЬ,28.8523885258775,48.37499143752
"2334",ФЕНОЛЬНА,37.8424476963101,48.3325664598727
"2335",КРИВИЙ ТОРЕЦЬ,37.7889131826293,48.4111310416427
"2336",ІСПАС,25.2633341666667,48.2925013888889
"2337",ВАШКІВЦІ,25.5156999895197,48.3781234018363
"2338",ПОМІЧНА,31.4090177345777,48.2413076492166
"2339",ГРОДІВКА,37.3168699778347,48.2287517993475
"2340",РЯДОВА,33.5305011952609,48.230934996745
"2341",РУДНИЦЯ,28.9319703217482,48.2599322494045
"2342",МАМАЛИГА  (ЕКСП.),26.5771943670081,48.2538217066871
"2343",МАМАЛИГА,26.5750235314414,48.2529535022971
"2344",НОВОСЕЛИЦЯ,26.280098572995,48.2217630127499
"2345",МАГАЛА (РЗД),26.0155547222222,48.2858325
"2346",САДГОРА,25.9464303636303,48.3205756769313
"2347",ОЧЕРЕТИНЕ,37.6127062065729,48.2422697708157
"2348",ГІРНИК,38.4491450436981,48.2120077154285
"2349",БЕРЕГОВЕ,22.6312503253995,48.2026818586671
"2350",ТЕРНИ,33.5058064672198,48.1817228213787
"2351",КУЦІВКА,32.799583492338,48.312996183832
"2352",ШАРІВКА,32.8013888888889,48.5097222222222
"2353",САХАРНА,32.6306920627893,48.6446461555218
"2354",КОРОЛЕВО,23.1419959718764,48.1526849099671
"2355",РОКОСОВО,23.2106560707456,48.1892055366851
"2356",АВДІЇВКА,37.7274507288078,48.1500571803795
"2357",ВИНОГРАДІВ-ЗАКАРПАТСЬКИЙ,23.026232416454,48.1332727280503
"2358",БОРЖАВА,22.7182298884866,48.1601823034675
"2359",УДАЧНА,36.9886026938697,48.2344823250575
"2360",МЕЖОВА,36.7348940574764,48.2446634712676
"2361",ДЕМУРИНЕ,36.4823147814718,48.1733339789021
"2362",ПРОСЯНА ІМ. ПРИКЛОНСЬКОГО В.В.,36.3749771183393,48.1115512041114
"2363",БЕРЕГОМЕТ,25.3484567210851,48.1718368404223
"2364",СТОРОЖИНЕЦЬ,25.7223796393572,48.1539208603693
"2365",ДОЛИНСЬКА,32.7639810444113,48.1158343552113
"2366",ЧАПЛИНЕ,36.2283090654913,48.1263309714675
"2367",ПИСЬМЕННА,35.7980011866139,48.1952813495497
"2368",РОЗДОРИ,35.7114476128293,48.3276915178154
"2369",СИНЕЛЬНИКОВЕ I,35.5269217576163,48.3309828378909
"2370",НІКЕЛЬ-ПОБУЗЬКИЙ,30.6155569444444,48.1600005555556
"2371",БОЛЕСЛАВЧИК,30.773287213352,48.1080211201569
"2372",ЙОСИПІВКА,30.7227157408298,48.2436675280734
"2373",ЄМИЛІВКА,30.5965227704835,48.327976483006
"2374",ГЛИБОКА-БУКОВИНСЬКА,25.9361884661866,48.0800292078698
"2375",ЧЕРНІВЦІ-ПІВДЕННА,25.9538045328265,48.2656154123734
"2376",ЧЕРНІВЦІ,25.9268942144197,48.2998064259431
"2377",БОЖЕДАРІВКА,34.1031210507639,48.3598588206999
"2378",КУДАШІВКА,34.039065617678,48.2756318496453
"2379",ДЕВЛАДОВЕ,33.7572723980429,48.1083809398542
"2380",ПЛАСТИ,37.3481949527967,48.1018527569127
"2381",РОСІЯ,37.3268266914492,48.1488924097692
"2382",НОВОГРОДІВКА,37.3151843186938,48.2021755174227
"2383",ЦУКУРИХА,37.3015402906786,48.0794825487723
"2384",ЛЕЛЕКІВКА,33.416766681344,48.1718055943429
"2385",ГРЕКУВАТА,33.38245105942,48.1013435602587
"2386",РОКУВАТА,33.4797360285239,48.0433222176702
"2387",МЕЖИРІЧЧЯ,25.6325607193483,48.0507455504592
"2388",ХУСТ,23.3005641845554,48.1637396306958
"2389",БУШТИНА,23.4887328494108,48.050836903305
"2390",ТЯЧІВ,23.578577091933,48.0179528309052
"2391",РОЯ,37.3046391169603,47.9974534401188
"2392",ВЕЧІРНИЙ КУТ,33.4316894388378,47.9944677332512
"2393",ВАДУЛ-СІРЕТ (ЕКСП. ЧФР),25.9592950632776,48.023592440488
"2394",ВАДУЛ-СІРЕТ,25.9592974900203,48.0235815143619
"2395",КРИВИЙ РІГ-СОРТУВАЛЬНИЙ,33.5244352469076,47.9656196463002
"2396",КРАСНИЙ ШАХТАР,33.3034125073502,47.9394551711591
"2397",ШМАКОВЕ,33.4001837887605,47.9689509537459
"2398",СЛАВГОРОД-ПІВДЕННИЙ,35.4991713545138,48.1178965784475
"2399",НОВОГУПАЛІВКА,35.465244817285,48.0306383978217
"2400",ВІЛЬНЯНСЬК,35.4430035132327,47.9323783108108
"2401",СОЛОТВИНО II,23.8779835592327,47.9578264814104
"2402",ТЕРЕСВА,23.7009632052786,47.996832475778
"2403",КРИВИЙ РІГ-ГОЛОВНИЙ,33.4501575127942,47.9136738459774
"2404",МУДРЬОНА,33.3987346961569,47.9171791689721
"2405",ЯНЦЕВЕ,35.3531475973136,47.9101039512196
"2406",КОДИМА,29.1118124228044,48.0823533162932
"2407",ПОПЕЛЮХИ,28.9712085962631,48.2094120408335
"2408",РАХІВ,24.2132359860922,48.0464149202519
"2409",ЯСІНЯ,24.3639529129018,48.2534002019367
"2410",ВОРОХТА,24.568499042622,48.2893879706396
"2411",ДЕЛЯТИН,24.6111125,48.5130552777778
"2412",ГЕЙКІВКА,33.0719272307298,47.9382432199225
"2413",КРИВИЙ РІГ,33.3902757840732,47.8757163917477
"2414",ЗАПОРІЖЖЯ-ЛІВЕ,35.2256820002167,47.8819356683796
"2415",КРИВИЙ РІГ-ЗАХІДНИЙ,33.3180558333333,47.8713880555555
"2416",ХОРТИЦЯ,35.0024086180574,47.8757654414659
"2417",ПОРТ-ВЕЛИКЕ ЗАПОРІЖЖЯ  (ЕКСП.),35.1070602855748,47.86564935146
"2418",ПОРТ-ВЕЛИКЕ ЗАПОРІЖЖЯ,35.1135800724316,47.8647994455542
"2419",БОРЩІ,29.4850019444444,47.8563891666667
"2420",СЛОБІДКА (ЕКСП.),29.3468283344468,47.8856030629638
"2421",СЛОБІДКА,29.3446209871961,47.8860137057488
"2422",ДЯКОВО (ЕКСП. ЧФР),23.0114437262548,48.0124893383127
"2423",ЧОРНОТИСІВ,23.0578850916152,48.0713715643082
"2424",ЗАПОРІЖЖЯ-ВАНТАЖНЕ,35.2660494441054,47.8476214853083
"2425",ПЕРЕДАТНА,35.2184672646337,47.8227910179221
"2426",ЗАПОРІЖЖЯ II,35.1828344492228,47.8134019882226
"2427",ЗАПОРІЗЬКА СІЧ,35.0865526155368,47.8085972186332
"2428",ДНІПРОБУД II,35.0236891719713,47.8073903787382
"2429",БАЛТА,29.6254627723068,47.870038248584
"2430",ЖЕРЕБКОВЕ,29.8738593060616,47.8331025711881
"2431",ЗАПЛАЗИ,30.1239419122604,47.8558064102149
"2432",ЛЮБАШІВКА,30.2652736218823,47.8428375240546
"2433",ВРАДІЇВКА,30.5864654044851,47.8757561167752
"2434",КІНЕЦЬПІЛЬ,30.8316282424035,47.96167626496
"2435",ПЕРВОМАЙСЬК-НА-БУЗІ,30.8535124308455,48.0390704762394
"2436",ПІДГОРОДНА,30.8886098484926,48.1126324997974
"2437",БАНДУРКА,31.0322365885083,48.134205333988
"2438",РОСТУЩА,35.2842660875731,47.8155740751078
"2439",ПІВДЕННОДОНБАСЬКА,37.4997933367043,47.7537623091856
"2440",ЖОВТОКАМ’ЯНКА,33.8591141254745,47.7847109199186
"2441",ПАВЛОПІЛЛЯ,34.0399142844081,47.864461963284
"2442",РЯСНА,34.5625890752357,48.1866473656045
"2443",ПРИВІЛЬНЕ,34.7475667738267,48.2289588493815
"2444",БАТУРИНСЬКА,33.4722203838642,47.8645180770813
"2445",РАДУШНА,33.5130769717931,47.8248411644537
"2446",АПОСТОЛОВЕ,33.7055790749918,47.6668657378082
"2447",МИРОВА,34.737831102919,47.7664890419457
"2448",КАНЦЕРІВКА,34.9487863535777,47.8428670312703
"2449",ТРИКРАТНЕ,31.310284773231,47.7068427275722
"2450",ЮЖНОУКРАЇНСЬКА,31.2722208333333,47.8102775
"2451",КАВУНИ,31.2914950512021,47.9087640416413
"2452",ЛЮДМИЛІВКА,31.4569266419706,48.0292468822068
"2453",КРОПИВНИЦЬКА,31.4836097222222,48.12
"2454",ІНГУЛЕЦЬ,33.130362525235,47.6834691925278
"2455",ТІК,33.926335667627,47.6353542011609
"2456",ЧОРТОМЛИК,34.1283487182085,47.6188888944373
"2457",ВЕЛИКО-АНАДОЛЬ,37.4770741059524,47.7003743007969
"2458",ВОЛНОВАХА,37.4901082410545,47.6019067933298
"2459",МАРГАНЕЦЬ,34.6241371699497,47.6449775938702
"2460",НІКОПОЛЬ,34.3938602291207,47.5820489055709
"2461",МЕЧЕТНА,36.1925425124338,47.9881578192646
"2462",ГАЙЧУР,36.1268478717649,47.8297510409251
"2463",ГУЛЯЙПОЛЕ,36.1665202064266,47.6489744072132
"2464",ФІСАКИ,35.5205803464054,47.7228574903935
"2465",ОБЩА,35.6397972742583,47.6615524514358
"2466",ОРІХІВСЬКА,35.7785578520282,47.5545175196647
"2467",ЧЕЛЮСКІН,36.1256245539344,47.4848450075354
"2468",ВОЗНЕСЕНСЬК,31.33242892985,47.5761044240297
"2469",ЗАЧАТІВСЬКА,37.1983378698991,47.473054931954
"2470",ХЛІБОДАРІВКА,37.4041201988276,47.4884421534117
"2471",КАРАНЬ,37.6457156862455,47.4622970796146
"2472",ПОЛОГИ,36.2589541490765,47.4764190198186
"2473",МАГЕДОВЕ,36.5011506234277,47.430342447501
"2474",КОМИШ-ЗОРЯ,36.6952302822832,47.3164872859611
"2475",РОЗІВКА,37.0615889282765,47.3770495533018
"2476",ВЕСЕЛИНОВЕ,31.2337674380443,47.3471278106686
"2477",СИНЯ ГОРА,36.3126802197241,47.2761544546892
"2478",БІЛЬМАНКА,36.4890902469527,47.2727306474039
"2479",ЩЕБЕНЕВИЙ,36.5953354069368,47.3061608080188
"2480",СТУЛЬНЕВЕ,36.0134533150764,47.2113391941937
"2481",БЕРЕЗІВКА,30.9475498672445,47.1908451671058
"2482",КОЛОСІВКА,31.0341095541712,47.2970088660216
"2483",КАЛЬЧИК,37.5957956144035,47.3057205980233
"2484",АСЛАНОВЕ,37.5794436037741,47.2463207099835
"2485",МАРІУПОЛЬ-СОРТУВАЛЬНИЙ,37.5692739361703,47.2070972507163
"2486",БІЛА КРИНИЦЯ,33.1949232365184,47.3527022099945
"2487",БЛАКИТНЕ,33.4401307511028,47.4098268157065
"2488",ВИСОКОПІЛЛЯ,33.5240599783943,47.4861013094847
"2489",ЗЕЛЕНЕ ПОЛЕ,33.626709567573,47.572541774525
"2490",ЗАПОРІЖЖЯ I,35.1786240027695,47.7926781847818
"2491",КУШУГУМ,35.221835314468,47.7232662477927
"2492",ТАВРІЙСЬК,35.3022176950422,47.4426755054687
"2493",ПРИШИБ,35.3217152695654,47.2591303568753
"2494",ФЕДОРІВКА,35.3257161784677,47.0798498870043
"2495",САРТАНА,37.5728151043455,47.1532765009217
"2496",МАРІУПОЛЬ,37.5468820707103,47.0960464553122
"2497",МАРІУПОЛЬ-ПОРТ,37.5105552777778,47.0638902777778
"2498",ВЕЛИКИЙ ТОКМАК,35.7209024014997,47.2228120214021
"2499",МОЛОЧАНСЬК,35.6235699931938,47.1950569366778
"2500",УКРАЇНСЬКА,35.0031593945471,47.04927014217
"2501",ДНІПРОРУДНЕ,34.9124487591393,47.1804820149011
"2502",БАЛОВНЕ,31.9222071430909,47.0913692639818
"2503",ЯСНА ЗОРЯ,31.7157618991354,47.1871460438189
"2504",ПОДІЛЬСЬК,29.5236804135102,47.7493952601473
"2505",ЧУБІВКА,29.5809873047808,47.6501307206039
"2506",МАРДАРІВКА,29.7355974454299,47.5349846906758
"2507",ЗАТИШШЯ,29.8650712645494,47.3272110464779
"2508",ВЕСЕЛИЙ КУТ,29.9882321488172,47.1038565814945
"2509",ЗАСІЛЛЯ,32.4184758313272,47.027668880195
"2510",КАЗАНКА,32.7668546023574,47.8814865350083
"2511",НОВИЙ БУГ,32.5766389813111,47.6854976805478
"2512",ЯВКИНЕ,32.4743820302009,47.3183713916265
"2513",ГОРОХІВКА,32.1345673312451,46.9989641955827
"2514",НОВОВЕСЕЛА,34.8790380505776,47.0311271727338
"2515",МИКОЛАЇВ,32.0541271199636,46.9426552029616
"2516",МИКОЛАЇВ-ВАНТАЖНИЙ  (ЕКСП.),31.9774999065286,46.9576790042853
"2517",МИКОЛАЇВ-ВАНТАЖНИЙ,31.9774998701759,46.9574244916045
"2518",РОЗДІЛЬНА-СОРТУВАЛЬНА,30.0258139475648,46.8907281016766
"2519",ВЕРХНІЙ ТОКМАК I,36.3063383657116,47.2083069477565
"2520",НЕЛЬГІВКА,36.2769380242067,47.036178389739
"2521",ЄЛИЗАВЕТІВКА,36.3940918016884,46.9405174252388
"2522",ТРОЯНИ,36.6094227962936,46.8756953085695
"2523",БЕРДА,36.767297946712,46.7899903459137
"2524",КУЧУРГАН (ЕКСП. НА НОВОСАВИЦЬКУ),30.0020662188623,46.7542444864446
"2525",КУЧУРГАН,30.0020069029863,46.7542211852175
"2526",КАХОВКА,33.4295994424344,46.7564326086208
"2527",ЗАПОВІТНЕ,33.5503928248743,46.7880705594706
"2528",БРАТОЛЮБІВКА,33.8506853053907,46.8414805373343
"2529",СІРОГОЗИ,34.37549557103,46.9414006852573
"2530",СНІГУРІВКА,32.7825577905164,47.0649923075809
"2531",БЕРДЯНСЬК  (ЕКСП.),36.7985387115171,46.7514152780218
"2532",БЕРДЯНСЬК,36.7985314209071,46.7513729791389
"2533",КУЛЬБАКИНЕ,32.0671454978047,46.9135701106717
"2534",ЖОВТНЕВА,32.0700011111111,46.9116669444444
"2535",ПРИБУЗЬКА,32.081021518928,46.9060350300588
"2536",ПРИБУЗЬКА  (ЕКСП.),32.0824978576784,46.9053683656958
"2537",КОТЛЯРЕВЕ,32.1828366894328,46.8687145896826
"2538",КОПАНІ,32.3088231382299,46.8086236333309
"2539",ХЕРСОН-ПОРТ  (ЕКСП.),32.5786111111111,46.6497225
"2540",ХЕРСОН-ПОРТ,32.5997233333333,46.6477780555556
"2541",ХЕРСОН,32.610827022511,46.651556251861
"2542",ОДЕСА-ТОВАРНА,30.7114846260515,46.459341309041
"2543",ОДЕСА-ЛІСКИ,30.733963211316,46.4862732571161
"2544",ОДЕСА-ПОРТ,30.7339795530913,46.4864316524673
"2545",ОДЕСА-ПЕРЕСИП,30.7385468340477,46.5219813762124
"2546",ОДЕСА-СОРТУВАЛЬНА (ЕКСП.),30.7622681707775,46.5481687900863
"2547",ОДЕСА-СОРТУВАЛЬНА,30.7624669482738,46.5482910994027
"2548",ЧОРНОМОРСЬКА ( ЕКСП. ДЛЯ ТІС ),30.8146980507652,46.5965126013492
"2549",ЧОРНОМОРСЬКА-ЕКСП.(ДЛЯ ОПЗ),30.8175008333333,46.6161108333333
"2550",БЕРЕГОВА,30.8172222222222,46.6316658333333
"2551",КУЛИНДОРОВЕ,30.8166940519937,46.6352319032587
"2552",КРЕМИДІВКА,30.8106674774162,46.741921268707
"2553",ЧОРНОМОРСЬКА,30.7715347732621,46.8305797760951
"2554",РАУХІВКА,30.8363345827108,47.1688185922223
"2555",РОЗДІЛЬНА I,30.0626286549361,46.8447941796179
"2556",ВИГОДА,30.3971219764324,46.6121099923626
"2557",ОДЕСА-ЗАСТАВА I,30.6693735352237,46.4812947810954
"2558",ОДЕСА-ЗАСТАВА II,30.6771485386258,46.4644545833177
"2559",ОДЕСА-ЗАХІДНА,30.6760163162797,46.4342827591739
"2560",ПЕТРОСТАЛЬ (ЕКСП.),28.9546532091066,46.4478336296205
"2561",АККАРЖА,30.579733290795,46.3222342234146
"2562",КСЕНІЄВЕ (ЕКСП.),30.6203119405608,46.3648734872906
"2563",КСЕНІЄВЕ,30.6203642006533,46.3648921594048
"2564",ПОРОМНА,30.6629112897035,46.3934541451765
"2565",ПОРОМНА-ЕКСПОРТ (РИБНИЙ ПОРТ),30.6589846868777,46.3146122108733
"2566",ЧОРНОМОРСЬК-ПОРТ-ЕКСПОРТ,30.635201026578,46.318543028831
"2567",ЧОРНОМОРСЬК-ПОРТ,30.6286403306967,46.3192409670061
"2568",БАРАБОЙ,30.5260804352113,46.2576566567355
"2569",ОБІЛЬНА,35.3388886111111,46.9358325
"2570",МЕЛІТОПОЛЬ,35.3656067471966,46.8676551934469
"2571",ЯКИМІВКА,35.1667845364133,46.6794902144866
"2572",ПАРТИЗАНИ,34.7549616155992,46.3274606043547
"2573",БЕРЕЗИНЕ,29.1934773101664,46.2246618505229
"2574",АРЦИЗ,29.4088647886767,45.9791585491764
"2575",САРАТА,29.6772365865217,46.017368407904
"2576",КУЛЕВЧА,29.9129729138845,46.0402801198101
"2577",БІЛГОРОД-ДНІСТРОВСКИЙ  (ЕКСП.),30.336551574544,46.1880879630973
"2578",БІЛГОРОД-ДНІСТРОВСЬКИЙ,30.336557482943,46.1880891451483
"2579",ШАБО,30.3463976370775,46.1412481370597
"2580",БУГАЗ,30.447862019587,46.0664868171067
"2581",НОВООЛЕКСІЇВКА,34.6458845033995,46.2252581591712
"2582",ГЕНІЧЕСЬК,34.766905937597,46.1679136263509
"2583",ОЛЕШКИ,32.8395067849485,46.6366397686492
"2584",РАДЕНСЬКЕ,32.9405129643025,46.5642796393797
"2585",БРИЛІВКА,33.1659370528936,46.4277475739243
"2586",КАЛАНЧАК,33.4781236119982,46.262091991981
"2587",БОЛГРАД  (ЕКСП. НА РАЗЪЕЗД 208 К),28.6036853797545,45.7353802729511
"2588",АЛІЯГА,29.1887643792092,45.7900398234244
"2589",ДЗИНІЛОР,29.1165826471418,45.6498131807701
"2590",КОТЛАБУХ,28.9753858704262,45.6271752770622
